engine,track,schema_id,workload,input,sample_index,operation_count,process_key_calls,process_key_ns,translator_calls,translator_ns,lookup_views_visited,owned_candidates_materialized,owned_candidate_materialization_ns,candidates_sorted,candidate_sort_ns,userdb_merge_ns,filter_pipeline_ns,ranker_pipeline_ns,ai_merge_ns,candidates_stored,context_full_snapshot_candidates_cloned,context_page_snapshot_candidates_cloned,abi_get_context_calls,abi_get_context_ns,abi_candidates_exported,abi_free_context_calls,abi_free_context_ns,candidate_request_bounded_calls,candidate_request_unbounded_calls,candidate_request_page_limit_total,candidate_request_surplus_total,bounded_iterator_calls,bounded_iterator_limit_total,bounded_iterator_selected_total,bounded_iterator_full_count_total,full_list_translation_calls,full_list_fallback_count,exact_lookup_calls,exact_lookup_ns,exact_lookup_candidates,prefix_lookup_calls,prefix_lookup_ns,prefix_lookup_candidates,heap_exact_lookup_calls,heap_prefix_lookup_calls,no_marisa_compact_exact_lookup_calls,no_marisa_compact_prefix_lookup_calls,rsmarisa_exact_lookup_calls,rsmarisa_prefix_lookup_calls,prism_lookup_calls,prism_lookup_ns,prism_lookup_codes,abi_c_string_allocations,abi_c_string_bytes,abi_c_string_allocation_ns,sentence_candidate_calls,sentence_candidate_ns,sentence_substrings_considered,sentence_exact_lookup_calls,sentence_exact_lookup_ns,sentence_exact_lookup_candidates,sentence_prefix_lookup_calls,sentence_prefix_lookup_ns,sentence_prefix_lookup_candidates,sentence_entry_matches_collected,sentence_path_clones,sentence_path_replacements,sentence_paths_pruned,sentence_max_live_paths,sentence_result_candidates,upstream_sentence_model_calls,upstream_sentence_model_ns,upstream_sentence_model_candidates,upstream_sentence_model_code_prefix_checks,upstream_sentence_model_table_entries_considered,upstream_sentence_model_vocabulary_entries_considered,upstream_sentence_model_graph_edges,upstream_sentence_model_index_build_calls,upstream_sentence_model_index_build_ns,upstream_sentence_model_exact_range_index_hits,upstream_sentence_model_exact_range_index_misses,upstream_sentence_model_prefix_filter_hits,upstream_sentence_model_prefix_filter_misses,upstream_sentence_model_prefix_filter_early_breaks,upstream_sentence_model_reachable_starts_visited,upstream_sentence_model_unreachable_starts_skipped,upstream_sentence_model_phrase_index_walk_calls,upstream_sentence_model_phrase_index_nodes_visited,upstream_sentence_model_phrase_index_entry_ranges_emitted,upstream_sentence_model_partition_point_fallback_calls,upstream_sentence_model_graph_rebuild_calls,upstream_sentence_model_graph_rebuild_ns,upstream_sentence_model_incremental_reuse_hits,upstream_sentence_model_incremental_extend_ns,upstream_sentence_model_incremental_discarded_rebuild_chars,prefix_fallback_calls,prefix_fallback_ns,prefix_fallback_views_visited,prefix_fallback_candidates,dynamic_correction_calls,dynamic_correction_ns,dynamic_correction_codes_considered,dynamic_correction_candidates,abbreviation_span_discovery_calls,abbreviation_span_discovery_ns,abbreviation_span_candidates_considered,abbreviation_span_codes_emitted,abbreviation_model_has_code_calls,abbreviation_model_has_code_ns,abbreviation_code_span_graph_build_ns,abbreviation_sentence_ranking_ns,abbreviation_preedit_format_ns,abbreviation_candidate_format_ns,short_key_candidate_rows_scanned,short_key_candidates_materialized,short_key_candidates_cloned,short_key_filter_ns,short_key_sort_rank_ns,short_key_comment_quality_ns,short_key_first_page_materialize_ns,track_b_spelling_expansions_considered,track_b_spelling_expansion_ns,track_b_exact_lookup_calls,track_b_exact_lookup_ns,track_b_prefix_lookup_calls,track_b_prefix_lookup_ns,track_b_candidates_materialized,track_b_first_page_materialize_ns
yune,track-b-product,jyut6ping3_mobile,startup_warm_shared_assets_runtime_ready,,0,1,0,0,53,124000,0,0,0,0,1000,14500,5800,1000,1200,0,0,0,0,0,0,0,0,32,0,160,480,0,0,0,0,0,13,26,18000,0,0,0,0,0,0,26,0,0,0,26,8600,0,0,0,0,13,2300,0,0,0,0,0,0,0,0,0,0,0,0,0,0,0,0,0,0,0,0,0,0,0,0,0,0,0,0,0,0,0,0,0,0,0,0,0,0,13,3500,0,0,0,0,0,0,0,0,0,0,0,0,0,0,0,0,0,0,0,0,0,0,0,0,8600,26,18000,0,0,0,0
yune,track-b-product,jyut6ping3_mobile,startup_warm_shared_assets_runtime_ready,,1,1,0,0,53,37100,0,0,0,0,1200,3500,3100,900,1000,0,0,0,0,0,0,0,0,32,0,160,480,0,0,0,0,0,13,26,6000,0,0,0,0,0,0,26,0,0,0,26,1400,0,0,0,0,13,300,0,0,0,0,0,0,0,0,0,0,0,0,0,0,0,0,0,0,0,0,0,0,0,0,0,0,0,0,0,0,0,0,0,0,0,0,0,0,13,800,0,0,0,0,0,0,0,0,0,0,0,0,0,0,0,0,0,0,0,0,0,0,0,0,1400,26,6000,0,0,0,0
yune,track-b-product,jyut6ping3_mobile,startup_warm_shared_assets_runtime_ready,,2,1,0,0,53,34800,0,0,0,0,800,3600,2700,900,700,0,0,0,0,0,0,0,0,32,0,160,480,0,0,0,0,0,13,26,6400,0,0,0,0,0,0,26,0,0,0,26,1400,0,0,0,0,13,400,0,0,0,0,0,0,0,0,0,0,0,0,0,0,0,0,0,0,0,0,0,0,0,0,0,0,0,0,0,0,0,0,0,0,0,0,0,0,13,900,0,0,0,0,0,0,0,0,0,0,0,0,0,0,0,0,0,0,0,0,0,0,0,0,1400,26,6400,0,0,0,0
yune,track-b-product,jyut6ping3_mobile,startup_warm_shared_assets_runtime_ready,,3,1,0,0,53,35300,0,0,0,0,1500,3300,2800,700,1200,0,0,0,0,0,0,0,0,32,0,160,480,0,0,0,0,0,13,26,6400,0,0,0,0,0,0,26,0,0,0,26,1300,0,0,0,0,13,400,0,0,0,0,0,0,0,0,0,0,0,0,0,0,0,0,0,0,0,0,0,0,0,0,0,0,0,0,0,0,0,0,0,0,0,0,0,0,13,800,0,0,0,0,0,0,0,0,0,0,0,0,0,0,0,0,0,0,0,0,0,0,0,0,1300,26,6400,0,0,0,0
yune,track-b-product,jyut6ping3_mobile,startup_warm_shared_assets_runtime_ready,,4,1,0,0,53,36200,0,0,0,0,800,3500,2900,400,1200,0,0,0,0,0,0,0,0,32,0,160,480,0,0,0,0,0,13,26,6500,0,0,0,0,0,0,26,0,0,0,26,1200,0,0,0,0,13,400,0,0,0,0,0,0,0,0,0,0,0,0,0,0,0,0,0,0,0,0,0,0,0,0,0,0,0,0,0,0,0,0,0,0,0,0,0,0,13,800,0,0,0,0,0,0,0,0,0,0,0,0,0,0,0,0,0,0,0,0,0,0,0,0,1200,26,6500,0,0,0,0
yune,track-b-product,jyut6ping3_mobile,startup_warm_shared_assets_runtime_ready,,5,1,0,0,53,37200,0,0,0,0,600,3600,2700,400,600,0,0,0,0,0,0,0,0,32,0,160,480,0,0,0,0,0,13,26,6300,0,0,0,0,0,0,26,0,0,0,26,600,0,0,0,0,13,300,0,0,0,0,0,0,0,0,0,0,0,0,0,0,0,0,0,0,0,0,0,0,0,0,0,0,0,0,0,0,0,0,0,0,0,0,0,0,13,700,0,0,0,0,0,0,0,0,0,0,0,0,0,0,0,0,0,0,0,0,0,0,0,0,600,26,6300,0,0,0,0
yune,track-b-product,jyut6ping3_mobile,startup_warm_shared_assets_runtime_ready,,6,1,0,0,53,37600,0,0,0,0,700,3600,2900,1100,1100,0,0,0,0,0,0,0,0,32,0,160,480,0,0,0,0,0,13,26,6200,0,0,0,0,0,0,26,0,0,0,26,1500,0,0,0,0,13,500,0,0,0,0,0,0,0,0,0,0,0,0,0,0,0,0,0,0,0,0,0,0,0,0,0,0,0,0,0,0,0,0,0,0,0,0,0,0,13,300,0,0,0,0,0,0,0,0,0,0,0,0,0,0,0,0,0,0,0,0,0,0,0,0,1500,26,6200,0,0,0,0
yune,track-b-product,jyut6ping3_mobile,startup_warm_shared_assets_runtime_ready,,7,1,0,0,53,35400,0,0,0,0,800,4300,2700,800,600,0,0,0,0,0,0,0,0,32,0,160,480,0,0,0,0,0,13,26,6200,0,0,0,0,0,0,26,0,0,0,26,1000,0,0,0,0,13,300,0,0,0,0,0,0,0,0,0,0,0,0,0,0,0,0,0,0,0,0,0,0,0,0,0,0,0,0,0,0,0,0,0,0,0,0,0,0,13,700,0,0,0,0,0,0,0,0,0,0,0,0,0,0,0,0,0,0,0,0,0,0,0,0,1000,26,6200,0,0,0,0
yune,track-b-product,jyut6ping3_mobile,startup_warm_shared_assets_runtime_ready,,8,1,0,0,53,35000,0,0,0,0,400,3600,2400,1100,600,0,0,0,0,0,0,0,0,32,0,160,480,0,0,0,0,0,13,26,6500,0,0,0,0,0,0,26,0,0,0,26,1100,0,0,0,0,13,500,0,0,0,0,0,0,0,0,0,0,0,0,0,0,0,0,0,0,0,0,0,0,0,0,0,0,0,0,0,0,0,0,0,0,0,0,0,0,13,300,0,0,0,0,0,0,0,0,0,0,0,0,0,0,0,0,0,0,0,0,0,0,0,0,1100,26,6500,0,0,0,0
yune,track-b-product,jyut6ping3_mobile,session_create_select_destroy,,0,1,0,0,53,34500,0,0,0,0,1000,3500,2200,600,600,0,0,0,0,0,0,0,0,32,0,160,480,0,0,0,0,0,13,26,6500,0,0,0,0,0,0,26,0,0,0,26,1700,0,0,0,0,13,300,0,0,0,0,0,0,0,0,0,0,0,0,0,0,0,0,0,0,0,0,0,0,0,0,0,0,0,0,0,0,0,0,0,0,0,0,0,0,13,300,0,0,0,0,0,0,0,0,0,0,0,0,0,0,0,0,0,0,0,0,0,0,0,0,1700,26,6500,0,0,0,0
yune,track-b-product,jyut6ping3_mobile,session_create_select_destroy,,1,1,0,0,53,35000,0,0,0,0,600,3700,2400,1000,500,0,0,0,0,0,0,0,0,32,0,160,480,0,0,0,0,0,13,26,6300,0,0,0,0,0,0,26,0,0,0,26,1500,0,0,0,0,13,300,0,0,0,0,0,0,0,0,0,0,0,0,0,0,0,0,0,0,0,0,0,0,0,0,0,0,0,0,0,0,0,0,0,0,0,0,0,0,13,600,0,0,0,0,0,0,0,0,0,0,0,0,0,0,0,0,0,0,0,0,0,0,0,0,1500,26,6300,0,0,0,0
yune,track-b-product,jyut6ping3_mobile,session_create_select_destroy,,2,1,0,0,53,34900,0,0,0,0,300,4100,2100,900,900,0,0,0,0,0,0,0,0,32,0,160,480,0,0,0,0,0,13,26,6200,0,0,0,0,0,0,26,0,0,0,26,1000,0,0,0,0,13,400,0,0,0,0,0,0,0,0,0,0,0,0,0,0,0,0,0,0,0,0,0,0,0,0,0,0,0,0,0,0,0,0,0,0,0,0,0,0,13,600,0,0,0,0,0,0,0,0,0,0,0,0,0,0,0,0,0,0,0,0,0,0,0,0,1000,26,6200,0,0,0,0
yune,track-b-product,jyut6ping3_mobile,session_create_select_destroy,,3,1,0,0,53,35800,0,0,0,0,700,3600,2700,800,900,0,0,0,0,0,0,0,0,32,0,160,480,0,0,0,0,0,13,26,6400,0,0,0,0,0,0,26,0,0,0,26,1300,0,0,0,0,13,300,0,0,0,0,0,0,0,0,0,0,0,0,0,0,0,0,0,0,0,0,0,0,0,0,0,0,0,0,0,0,0,0,0,0,0,0,0,0,13,900,0,0,0,0,0,0,0,0,0,0,0,0,0,0,0,0,0,0,0,0,0,0,0,0,1300,26,6400,0,0,0,0
yune,track-b-product,jyut6ping3_mobile,session_create_select_destroy,,4,1,0,0,53,35300,0,0,0,0,700,3700,2600,500,700,0,0,0,0,0,0,0,0,32,0,160,480,0,0,0,0,0,13,26,6000,0,0,0,0,0,0,26,0,0,0,26,1200,0,0,0,0,13,600,0,0,0,0,0,0,0,0,0,0,0,0,0,0,0,0,0,0,0,0,0,0,0,0,0,0,0,0,0,0,0,0,0,0,0,0,0,0,13,800,0,0,0,0,0,0,0,0,0,0,0,0,0,0,0,0,0,0,0,0,0,0,0,0,1200,26,6000,0,0,0,0
yune,track-b-product,jyut6ping3_mobile,session_create_select_destroy,,5,1,0,0,53,35300,0,0,0,0,600,3400,2600,1100,800,0,0,0,0,0,0,0,0,32,0,160,480,0,0,0,0,0,13,26,6400,0,0,0,0,0,0,26,0,0,0,26,1300,0,0,0,0,13,200,0,0,0,0,0,0,0,0,0,0,0,0,0,0,0,0,0,0,0,0,0,0,0,0,0,0,0,0,0,0,0,0,0,0,0,0,0,0,13,700,0,0,0,0,0,0,0,0,0,0,0,0,0,0,0,0,0,0,0,0,0,0,0,0,1300,26,6400,0,0,0,0
yune,track-b-product,jyut6ping3_mobile,session_create_select_destroy,,6,1,0,0,53,35400,0,0,0,0,700,3600,2600,800,1100,0,0,0,0,0,0,0,0,32,0,160,480,0,0,0,0,0,13,26,6800,0,0,0,0,0,0,26,0,0,0,26,1300,0,0,0,0,13,0,0,0,0,0,0,0,0,0,0,0,0,0,0,0,0,0,0,0,0,0,0,0,0,0,0,0,0,0,0,0,0,0,0,0,0,0,0,0,13,500,0,0,0,0,0,0,0,0,0,0,0,0,0,0,0,0,0,0,0,0,0,0,0,0,1300,26,6800,0,0,0,0
yune,track-b-product,jyut6ping3_mobile,session_create_select_destroy,,7,1,0,0,53,35800,0,0,0,0,1000,3600,2900,300,1000,0,0,0,0,0,0,0,0,32,0,160,480,0,0,0,0,0,13,26,6600,0,0,0,0,0,0,26,0,0,0,26,1200,0,0,0,0,13,700,0,0,0,0,0,0,0,0,0,0,0,0,0,0,0,0,0,0,0,0,0,0,0,0,0,0,0,0,0,0,0,0,0,0,0,0,0,0,13,400,0,0,0,0,0,0,0,0,0,0,0,0,0,0,0,0,0,0,0,0,0,0,0,0,1200,26,6600,0,0,0,0
yune,track-b-product,jyut6ping3_mobile,session_create_select_destroy,,8,1,0,0,53,36400,0,0,0,0,600,3500,2800,800,800,0,0,0,0,0,0,0,0,32,0,160,480,0,0,0,0,0,13,26,6100,0,0,0,0,0,0,26,0,0,0,26,1300,0,0,0,0,13,300,0,0,0,0,0,0,0,0,0,0,0,0,0,0,0,0,0,0,0,0,0,0,0,0,0,0,0,0,0,0,0,0,0,0,0,0,0,0,13,900,0,0,0,0,0,0,0,0,0,0,0,0,0,0,0,0,0,0,0,0,0,0,0,0,1300,26,6100,0,0,0,0
yune,track-b-product,jyut6ping3_mobile,session_create_select_destroy,,9,1,0,0,53,35900,0,0,0,0,500,3700,3000,800,1000,0,0,0,0,0,0,0,0,32,0,160,480,0,0,0,0,0,13,26,6600,0,0,0,0,0,0,26,0,0,0,26,1300,0,0,0,0,13,500,0,0,0,0,0,0,0,0,0,0,0,0,0,0,0,0,0,0,0,0,0,0,0,0,0,0,0,0,0,0,0,0,0,0,0,0,0,0,13,400,0,0,0,0,0,0,0,0,0,0,0,0,0,0,0,0,0,0,0,0,0,0,0,0,1300,26,6600,0,0,0,0
yune,track-b-product,jyut6ping3_mobile,session_create_select_destroy,,10,1,0,0,53,36000,0,0,0,0,1300,8900,2200,1000,500,0,0,0,0,0,0,0,0,32,0,160,480,0,0,0,0,0,13,26,6600,0,0,0,0,0,0,26,0,0,0,26,1200,0,0,0,0,13,200,0,0,0,0,0,0,0,0,0,0,0,0,0,0,0,0,0,0,0,0,0,0,0,0,0,0,0,0,0,0,0,0,0,0,0,0,0,0,13,700,0,0,0,0,0,0,0,0,0,0,0,0,0,0,0,0,0,0,0,0,0,0,0,0,1200,26,6600,0,0,0,0
yune,track-b-product,jyut6ping3_mobile,session_create_select_destroy,,11,1,0,0,53,37400,0,0,0,0,1300,3500,2500,500,1000,0,0,0,0,0,0,0,0,32,0,160,480,0,0,0,0,0,13,26,6100,0,0,0,0,0,0,26,0,0,0,26,1000,0,0,0,0,13,200,0,0,0,0,0,0,0,0,0,0,0,0,0,0,0,0,0,0,0,0,0,0,0,0,0,0,0,0,0,0,0,0,0,0,0,0,0,0,13,500,0,0,0,0,0,0,0,0,0,0,0,0,0,0,0,0,0,0,0,0,0,0,0,0,1000,26,6100,0,0,0,0
yune,track-b-product,jyut6ping3_mobile,session_create_select_destroy,,12,1,0,0,53,33900,0,0,0,0,1000,3900,2200,1000,900,0,0,0,0,0,0,0,0,32,0,160,480,0,0,0,0,0,13,26,6000,0,0,0,0,0,0,26,0,0,0,26,1300,0,0,0,0,13,500,0,0,0,0,0,0,0,0,0,0,0,0,0,0,0,0,0,0,0,0,0,0,0,0,0,0,0,0,0,0,0,0,0,0,0,0,0,0,13,600,0,0,0,0,0,0,0,0,0,0,0,0,0,0,0,0,0,0,0,0,0,0,0,0,1300,26,6000,0,0,0,0
yune,track-b-product,jyut6ping3_mobile,session_create_select_destroy,,13,1,0,0,53,35500,0,0,0,0,600,3500,2900,400,1200,0,0,0,0,0,0,0,0,32,0,160,480,0,0,0,0,0,13,26,6600,0,0,0,0,0,0,26,0,0,0,26,800,0,0,0,0,13,400,0,0,0,0,0,0,0,0,0,0,0,0,0,0,0,0,0,0,0,0,0,0,0,0,0,0,0,0,0,0,0,0,0,0,0,0,0,0,13,600,0,0,0,0,0,0,0,0,0,0,0,0,0,0,0,0,0,0,0,0,0,0,0,0,800,26,6600,0,0,0,0
yune,track-b-product,jyut6ping3_mobile,session_create_select_destroy,,14,1,0,0,53,35300,0,0,0,0,1000,3700,2800,500,800,0,0,0,0,0,0,0,0,32,0,160,480,0,0,0,0,0,13,26,6200,0,0,0,0,0,0,26,0,0,0,26,1500,0,0,0,0,13,700,0,0,0,0,0,0,0,0,0,0,0,0,0,0,0,0,0,0,0,0,0,0,0,0,0,0,0,0,0,0,0,0,0,0,0,0,0,0,13,600,0,0,0,0,0,0,0,0,0,0,0,0,0,0,0,0,0,0,0,0,0,0,0,0,1500,26,6200,0,0,0,0
yune,track-b-product,jyut6ping3_mobile,session_create_select_destroy,,15,1,0,0,53,35600,0,0,0,0,900,3600,2100,1000,600,0,0,0,0,0,0,0,0,32,0,160,480,0,0,0,0,0,13,26,6300,0,0,0,0,0,0,26,0,0,0,26,1600,0,0,0,0,13,300,0,0,0,0,0,0,0,0,0,0,0,0,0,0,0,0,0,0,0,0,0,0,0,0,0,0,0,0,0,0,0,0,0,0,0,0,0,0,13,700,0,0,0,0,0,0,0,0,0,0,0,0,0,0,0,0,0,0,0,0,0,0,0,0,1600,26,6300,0,0,0,0
yune,track-b-product,jyut6ping3_mobile,session_create_select_destroy,,16,1,0,0,53,34900,0,0,0,0,800,3000,2300,700,500,0,0,0,0,0,0,0,0,32,0,160,480,0,0,0,0,0,13,26,6300,0,0,0,0,0,0,26,0,0,0,26,1000,0,0,0,0,13,200,0,0,0,0,0,0,0,0,0,0,0,0,0,0,0,0,0,0,0,0,0,0,0,0,0,0,0,0,0,0,0,0,0,0,0,0,0,0,13,800,0,0,0,0,0,0,0,0,0,0,0,0,0,0,0,0,0,0,0,0,0,0,0,0,1000,26,6300,0,0,0,0
yune,track-b-product,jyut6ping3_mobile,session_create_select_destroy,,17,1,0,0,53,34900,0,0,0,0,700,3500,2600,400,1100,0,0,0,0,0,0,0,0,32,0,160,480,0,0,0,0,0,13,26,6300,0,0,0,0,0,0,26,0,0,0,26,1600,0,0,0,0,13,200,0,0,0,0,0,0,0,0,0,0,0,0,0,0,0,0,0,0,0,0,0,0,0,0,0,0,0,0,0,0,0,0,0,0,0,0,0,0,13,400,0,0,0,0,0,0,0,0,0,0,0,0,0,0,0,0,0,0,0,0,0,0,0,0,1600,26,6300,0,0,0,0
yune,track-b-product,jyut6ping3_mobile,session_create_select_destroy,,18,1,0,0,53,35900,0,0,0,0,800,3900,2300,700,1000,0,0,0,0,0,0,0,0,32,0,160,480,0,0,0,0,0,13,26,6800,0,0,0,0,0,0,26,0,0,0,26,1700,0,0,0,0,13,500,0,0,0,0,0,0,0,0,0,0,0,0,0,0,0,0,0,0,0,0,0,0,0,0,0,0,0,0,0,0,0,0,0,0,0,0,0,0,13,700,0,0,0,0,0,0,0,0,0,0,0,0,0,0,0,0,0,0,0,0,0,0,0,0,1700,26,6800,0,0,0,0
yune,track-b-product,jyut6ping3_mobile,session_create_select_destroy,,19,1,0,0,53,36700,0,0,0,0,600,3500,2600,300,800,0,0,0,0,0,0,0,0,32,0,160,480,0,0,0,0,0,13,26,6600,0,0,0,0,0,0,26,0,0,0,26,2000,0,0,0,0,13,200,0,0,0,0,0,0,0,0,0,0,0,0,0,0,0,0,0,0,0,0,0,0,0,0,0,0,0,0,0,0,0,0,0,0,0,0,0,0,13,500,0,0,0,0,0,0,0,0,0,0,0,0,0,0,0,0,0,0,0,0,0,0,0,0,2000,26,6600,0,0,0,0
yune,track-b-product,jyut6ping3_mobile,session_create_select_destroy,,20,1,0,0,53,35900,0,0,0,0,600,4300,2900,800,1200,0,0,0,0,0,0,0,0,32,0,160,480,0,0,0,0,0,13,26,7200,0,0,0,0,0,0,26,0,0,0,26,1000,0,0,0,0,13,200,0,0,0,0,0,0,0,0,0,0,0,0,0,0,0,0,0,0,0,0,0,0,0,0,0,0,0,0,0,0,0,0,0,0,0,0,0,0,13,500,0,0,0,0,0,0,0,0,0,0,0,0,0,0,0,0,0,0,0,0,0,0,0,0,1000,26,7200,0,0,0,0
yune,track-b-product,jyut6ping3_mobile,session_create_select_destroy,,21,1,0,0,53,36400,0,0,0,0,800,3600,2200,700,800,0,0,0,0,0,0,0,0,32,0,160,480,0,0,0,0,0,13,26,6700,0,0,0,0,0,0,26,0,0,0,26,1400,0,0,0,0,13,300,0,0,0,0,0,0,0,0,0,0,0,0,0,0,0,0,0,0,0,0,0,0,0,0,0,0,0,0,0,0,0,0,0,0,0,0,0,0,13,400,0,0,0,0,0,0,0,0,0,0,0,0,0,0,0,0,0,0,0,0,0,0,0,0,1400,26,6700,0,0,0,0
yune,track-b-product,jyut6ping3_mobile,session_create_select_destroy,,22,1,0,0,53,43000,0,0,0,0,500,4000,2600,1100,1100,0,0,0,0,0,0,0,0,32,0,160,480,0,0,0,0,0,13,26,6400,0,0,0,0,0,0,26,0,0,0,26,600,0,0,0,0,13,200,0,0,0,0,0,0,0,0,0,0,0,0,0,0,0,0,0,0,0,0,0,0,0,0,0,0,0,0,0,0,0,0,0,0,0,0,0,0,13,600,0,0,0,0,0,0,0,0,0,0,0,0,0,0,0,0,0,0,0,0,0,0,0,0,600,26,6400,0,0,0,0
yune,track-b-product,jyut6ping3_mobile,session_create_select_destroy,,23,1,0,0,53,34000,0,0,0,0,700,3700,2400,300,600,0,0,0,0,0,0,0,0,32,0,160,480,0,0,0,0,0,13,26,6300,0,0,0,0,0,0,26,0,0,0,26,1300,0,0,0,0,13,400,0,0,0,0,0,0,0,0,0,0,0,0,0,0,0,0,0,0,0,0,0,0,0,0,0,0,0,0,0,0,0,0,0,0,0,0,0,0,13,500,0,0,0,0,0,0,0,0,0,0,0,0,0,0,0,0,0,0,0,0,0,0,0,0,1300,26,6300,0,0,0,0
yune,track-b-product,jyut6ping3_mobile,session_create_select_destroy,,24,1,0,0,53,34400,0,0,0,0,1000,3300,2300,900,600,0,0,0,0,0,0,0,0,32,0,160,480,0,0,0,0,0,13,26,6200,0,0,0,0,0,0,26,0,0,0,26,1300,0,0,0,0,13,300,0,0,0,0,0,0,0,0,0,0,0,0,0,0,0,0,0,0,0,0,0,0,0,0,0,0,0,0,0,0,0,0,0,0,0,0,0,0,13,700,0,0,0,0,0,0,0,0,0,0,0,0,0,0,0,0,0,0,0,0,0,0,0,0,1300,26,6200,0,0,0,0
yune,track-b-product,jyut6ping3_mobile,session_create_select_destroy,,25,1,0,0,53,35300,0,0,0,0,700,3400,2300,900,500,0,0,0,0,0,0,0,0,32,0,160,480,0,0,0,0,0,13,26,6200,0,0,0,0,0,0,26,0,0,0,26,1300,0,0,0,0,13,300,0,0,0,0,0,0,0,0,0,0,0,0,0,0,0,0,0,0,0,0,0,0,0,0,0,0,0,0,0,0,0,0,0,0,0,0,0,0,13,1000,0,0,0,0,0,0,0,0,0,0,0,0,0,0,0,0,0,0,0,0,0,0,0,0,1300,26,6200,0,0,0,0
yune,track-b-product,jyut6ping3_mobile,session_create_select_destroy,,26,1,0,0,53,34500,0,0,0,0,400,3600,2500,900,800,0,0,0,0,0,0,0,0,32,0,160,480,0,0,0,0,0,13,26,6200,0,0,0,0,0,0,26,0,0,0,26,1000,0,0,0,0,13,200,0,0,0,0,0,0,0,0,0,0,0,0,0,0,0,0,0,0,0,0,0,0,0,0,0,0,0,0,0,0,0,0,0,0,0,0,0,0,13,600,0,0,0,0,0,0,0,0,0,0,0,0,0,0,0,0,0,0,0,0,0,0,0,0,1000,26,6200,0,0,0,0
yune,track-b-product,jyut6ping3_mobile,session_create_select_destroy,,27,1,0,0,53,34800,0,0,0,0,600,3800,2300,700,900,0,0,0,0,0,0,0,0,32,0,160,480,0,0,0,0,0,13,26,6400,0,0,0,0,0,0,26,0,0,0,26,1500,0,0,0,0,13,300,0,0,0,0,0,0,0,0,0,0,0,0,0,0,0,0,0,0,0,0,0,0,0,0,0,0,0,0,0,0,0,0,0,0,0,0,0,0,13,400,0,0,0,0,0,0,0,0,0,0,0,0,0,0,0,0,0,0,0,0,0,0,0,0,1500,26,6400,0,0,0,0
yune,track-b-product,jyut6ping3_mobile,session_create_select_destroy,,28,1,0,0,53,34000,0,0,0,0,800,3500,2200,1100,700,0,0,0,0,0,0,0,0,32,0,160,480,0,0,0,0,0,13,26,6100,0,0,0,0,0,0,26,0,0,0,26,1400,0,0,0,0,13,500,0,0,0,0,0,0,0,0,0,0,0,0,0,0,0,0,0,0,0,0,0,0,0,0,0,0,0,0,0,0,0,0,0,0,0,0,0,0,13,800,0,0,0,0,0,0,0,0,0,0,0,0,0,0,0,0,0,0,0,0,0,0,0,0,1400,26,6100,0,0,0,0
yune,track-b-product,jyut6ping3_mobile,session_create_select_destroy,,29,1,0,0,53,35200,0,0,0,0,1000,3600,2400,900,700,0,0,0,0,0,0,0,0,32,0,160,480,0,0,0,0,0,13,26,6700,0,0,0,0,0,0,26,0,0,0,26,1700,0,0,0,0,13,400,0,0,0,0,0,0,0,0,0,0,0,0,0,0,0,0,0,0,0,0,0,0,0,0,0,0,0,0,0,0,0,0,0,0,0,0,0,0,13,600,0,0,0,0,0,0,0,0,0,0,0,0,0,0,0,0,0,0,0,0,0,0,0,0,1700,26,6700,0,0,0,0
yune,track-b-product,jyut6ping3_mobile,session_create_select_destroy,,30,1,0,0,53,36200,0,0,0,0,700,4100,2200,1300,700,0,0,0,0,0,0,0,0,32,0,160,480,0,0,0,0,0,13,26,6600,0,0,0,0,0,0,26,0,0,0,26,1300,0,0,0,0,13,100,0,0,0,0,0,0,0,0,0,0,0,0,0,0,0,0,0,0,0,0,0,0,0,0,0,0,0,0,0,0,0,0,0,0,0,0,0,0,13,700,0,0,0,0,0,0,0,0,0,0,0,0,0,0,0,0,0,0,0,0,0,0,0,0,1300,26,6600,0,0,0,0
yune,track-b-product,jyut6ping3_mobile,session_create_select_destroy,,31,1,0,0,53,35500,0,0,0,0,600,3900,1900,800,500,0,0,0,0,0,0,0,0,32,0,160,480,0,0,0,0,0,13,26,6400,0,0,0,0,0,0,26,0,0,0,26,1600,0,0,0,0,13,400,0,0,0,0,0,0,0,0,0,0,0,0,0,0,0,0,0,0,0,0,0,0,0,0,0,0,0,0,0,0,0,0,0,0,0,0,0,0,13,400,0,0,0,0,0,0,0,0,0,0,0,0,0,0,0,0,0,0,0,0,0,0,0,0,1600,26,6400,0,0,0,0
yune,track-b-product,jyut6ping3_mobile,session_create_select_destroy,,32,1,0,0,53,35700,0,0,0,0,1000,4300,2500,900,500,0,0,0,0,0,0,0,0,32,0,160,480,0,0,0,0,0,13,26,6300,0,0,0,0,0,0,26,0,0,0,26,1600,0,0,0,0,13,500,0,0,0,0,0,0,0,0,0,0,0,0,0,0,0,0,0,0,0,0,0,0,0,0,0,0,0,0,0,0,0,0,0,0,0,0,0,0,13,700,0,0,0,0,0,0,0,0,0,0,0,0,0,0,0,0,0,0,0,0,0,0,0,0,1600,26,6300,0,0,0,0
yune,track-b-product,jyut6ping3_mobile,session_create_select_destroy,,33,1,0,0,53,35100,0,0,0,0,500,3800,2600,700,900,0,0,0,0,0,0,0,0,32,0,160,480,0,0,0,0,0,13,26,6200,0,0,0,0,0,0,26,0,0,0,26,1700,0,0,0,0,13,300,0,0,0,0,0,0,0,0,0,0,0,0,0,0,0,0,0,0,0,0,0,0,0,0,0,0,0,0,0,0,0,0,0,0,0,0,0,0,13,700,0,0,0,0,0,0,0,0,0,0,0,0,0,0,0,0,0,0,0,0,0,0,0,0,1700,26,6200,0,0,0,0
yune,track-b-product,jyut6ping3_mobile,session_create_select_destroy,,34,1,0,0,53,35800,0,0,0,0,300,3900,2900,1200,800,0,0,0,0,0,0,0,0,32,0,160,480,0,0,0,0,0,13,26,6700,0,0,0,0,0,0,26,0,0,0,26,1600,0,0,0,0,13,300,0,0,0,0,0,0,0,0,0,0,0,0,0,0,0,0,0,0,0,0,0,0,0,0,0,0,0,0,0,0,0,0,0,0,0,0,0,0,13,500,0,0,0,0,0,0,0,0,0,0,0,0,0,0,0,0,0,0,0,0,0,0,0,0,1600,26,6700,0,0,0,0
yune,track-b-product,jyut6ping3_mobile,session_create_select_destroy,,35,1,0,0,53,35400,0,0,0,0,1100,3700,2000,1100,800,0,0,0,0,0,0,0,0,32,0,160,480,0,0,0,0,0,13,26,6400,0,0,0,0,0,0,26,0,0,0,26,1300,0,0,0,0,13,400,0,0,0,0,0,0,0,0,0,0,0,0,0,0,0,0,0,0,0,0,0,0,0,0,0,0,0,0,0,0,0,0,0,0,0,0,0,0,13,600,0,0,0,0,0,0,0,0,0,0,0,0,0,0,0,0,0,0,0,0,0,0,0,0,1300,26,6400,0,0,0,0
yune,track-b-product,jyut6ping3_mobile,session_create_select_destroy,,36,1,0,0,53,47200,0,0,0,0,500,3400,2800,900,500,0,0,0,0,0,0,0,0,32,0,160,480,0,0,0,0,0,13,26,6200,0,0,0,0,0,0,26,0,0,0,26,1100,0,0,0,0,13,500,0,0,0,0,0,0,0,0,0,0,0,0,0,0,0,0,0,0,0,0,0,0,0,0,0,0,0,0,0,0,0,0,0,0,0,0,0,0,13,700,0,0,0,0,0,0,0,0,0,0,0,0,0,0,0,0,0,0,0,0,0,0,0,0,1100,26,6200,0,0,0,0
yune,track-b-product,jyut6ping3_mobile,session_create_select_destroy,,37,1,0,0,53,34900,0,0,0,0,1100,3700,2400,900,200,0,0,0,0,0,0,0,0,32,0,160,480,0,0,0,0,0,13,26,6400,0,0,0,0,0,0,26,0,0,0,26,1600,0,0,0,0,13,400,0,0,0,0,0,0,0,0,0,0,0,0,0,0,0,0,0,0,0,0,0,0,0,0,0,0,0,0,0,0,0,0,0,0,0,0,0,0,13,800,0,0,0,0,0,0,0,0,0,0,0,0,0,0,0,0,0,0,0,0,0,0,0,0,1600,26,6400,0,0,0,0
yune,track-b-product,jyut6ping3_mobile,session_create_select_destroy,,38,1,0,0,53,35400,0,0,0,0,1100,3400,2500,600,800,0,0,0,0,0,0,0,0,32,0,160,480,0,0,0,0,0,13,26,6000,0,0,0,0,0,0,26,0,0,0,26,1400,0,0,0,0,13,400,0,0,0,0,0,0,0,0,0,0,0,0,0,0,0,0,0,0,0,0,0,0,0,0,0,0,0,0,0,0,0,0,0,0,0,0,0,0,13,600,0,0,0,0,0,0,0,0,0,0,0,0,0,0,0,0,0,0,0,0,0,0,0,0,1400,26,6000,0,0,0,0
yune,track-b-product,jyut6ping3_mobile,session_create_select_destroy,,39,1,0,0,53,35900,0,0,0,0,800,3900,2500,1100,800,0,0,0,0,0,0,0,0,32,0,160,480,0,0,0,0,0,13,26,6600,0,0,0,0,0,0,26,0,0,0,26,1100,0,0,0,0,13,300,0,0,0,0,0,0,0,0,0,0,0,0,0,0,0,0,0,0,0,0,0,0,0,0,0,0,0,0,0,0,0,0,0,0,0,0,0,0,13,600,0,0,0,0,0,0,0,0,0,0,0,0,0,0,0,0,0,0,0,0,0,0,0,0,1100,26,6600,0,0,0,0
yune,track-b-product,jyut6ping3_mobile,session_create_select_destroy,,40,1,0,0,53,35400,0,0,0,0,700,3600,2200,600,1000,0,0,0,0,0,0,0,0,32,0,160,480,0,0,0,0,0,13,26,6000,0,0,0,0,0,0,26,0,0,0,26,1200,0,0,0,0,13,200,0,0,0,0,0,0,0,0,0,0,0,0,0,0,0,0,0,0,0,0,0,0,0,0,0,0,0,0,0,0,0,0,0,0,0,0,0,0,13,500,0,0,0,0,0,0,0,0,0,0,0,0,0,0,0,0,0,0,0,0,0,0,0,0,1200,26,6000,0,0,0,0
yune,track-b-product,jyut6ping3_mobile,session_create_select_destroy,,41,1,0,0,53,37400,0,0,0,0,900,3700,2600,600,700,0,0,0,0,0,0,0,0,32,0,160,480,0,0,0,0,0,13,26,6500,0,0,0,0,0,0,26,0,0,0,26,1900,0,0,0,0,13,400,0,0,0,0,0,0,0,0,0,0,0,0,0,0,0,0,0,0,0,0,0,0,0,0,0,0,0,0,0,0,0,0,0,0,0,0,0,0,13,800,0,0,0,0,0,0,0,0,0,0,0,0,0,0,0,0,0,0,0,0,0,0,0,0,1900,26,6500,0,0,0,0
yune,track-b-product,jyut6ping3_mobile,session_create_select_destroy,,42,1,0,0,53,36200,0,0,0,0,800,3000,2700,500,1000,0,0,0,0,0,0,0,0,32,0,160,480,0,0,0,0,0,13,26,6300,0,0,0,0,0,0,26,0,0,0,26,1100,0,0,0,0,13,100,0,0,0,0,0,0,0,0,0,0,0,0,0,0,0,0,0,0,0,0,0,0,0,0,0,0,0,0,0,0,0,0,0,0,0,0,0,0,13,500,0,0,0,0,0,0,0,0,0,0,0,0,0,0,0,0,0,0,0,0,0,0,0,0,1100,26,6300,0,0,0,0
yune,track-b-product,jyut6ping3_mobile,session_create_select_destroy,,43,1,0,0,53,35200,0,0,0,0,600,4000,2700,800,900,0,0,0,0,0,0,0,0,32,0,160,480,0,0,0,0,0,13,26,6100,0,0,0,0,0,0,26,0,0,0,26,1300,0,0,0,0,13,300,0,0,0,0,0,0,0,0,0,0,0,0,0,0,0,0,0,0,0,0,0,0,0,0,0,0,0,0,0,0,0,0,0,0,0,0,0,0,13,500,0,0,0,0,0,0,0,0,0,0,0,0,0,0,0,0,0,0,0,0,0,0,0,0,1300,26,6100,0,0,0,0
yune,track-b-product,jyut6ping3_mobile,session_create_select_destroy,,44,1,0,0,53,35100,0,0,0,0,1000,3500,2600,700,1000,0,0,0,0,0,0,0,0,32,0,160,480,0,0,0,0,0,13,26,6300,0,0,0,0,0,0,26,0,0,0,26,1000,0,0,0,0,13,400,0,0,0,0,0,0,0,0,0,0,0,0,0,0,0,0,0,0,0,0,0,0,0,0,0,0,0,0,0,0,0,0,0,0,0,0,0,0,13,700,0,0,0,0,0,0,0,0,0,0,0,0,0,0,0,0,0,0,0,0,0,0,0,0,1000,26,6300,0,0,0,0
yune,track-b-product,jyut6ping3_mobile,session_create_select_destroy,,45,1,0,0,53,34400,0,0,0,0,1000,3500,2600,800,1000,0,0,0,0,0,0,0,0,32,0,160,480,0,0,0,0,0,13,26,6200,0,0,0,0,0,0,26,0,0,0,26,1400,0,0,0,0,13,300,0,0,0,0,0,0,0,0,0,0,0,0,0,0,0,0,0,0,0,0,0,0,0,0,0,0,0,0,0,0,0,0,0,0,0,0,0,0,13,700,0,0,0,0,0,0,0,0,0,0,0,0,0,0,0,0,0,0,0,0,0,0,0,0,1400,26,6200,0,0,0,0
yune,track-b-product,jyut6ping3_mobile,session_create_select_destroy,,46,1,0,0,53,34300,0,0,0,0,400,3300,2400,1200,900,0,0,0,0,0,0,0,0,32,0,160,480,0,0,0,0,0,13,26,6900,0,0,0,0,0,0,26,0,0,0,26,1500,0,0,0,0,13,100,0,0,0,0,0,0,0,0,0,0,0,0,0,0,0,0,0,0,0,0,0,0,0,0,0,0,0,0,0,0,0,0,0,0,0,0,0,0,13,500,0,0,0,0,0,0,0,0,0,0,0,0,0,0,0,0,0,0,0,0,0,0,0,0,1500,26,6900,0,0,0,0
yune,track-b-product,jyut6ping3_mobile,session_create_select_destroy,,47,1,0,0,53,36400,0,0,0,0,500,3100,7000,700,900,0,0,0,0,0,0,0,0,32,0,160,480,0,0,0,0,0,13,26,6500,0,0,0,0,0,0,26,0,0,0,26,1700,0,0,0,0,13,400,0,0,0,0,0,0,0,0,0,0,0,0,0,0,0,0,0,0,0,0,0,0,0,0,0,0,0,0,0,0,0,0,0,0,0,0,0,0,13,300,0,0,0,0,0,0,0,0,0,0,0,0,0,0,0,0,0,0,0,0,0,0,0,0,1700,26,6500,0,0,0,0
yune,track-b-product,jyut6ping3_mobile,session_create_select_destroy,,48,1,0,0,53,35200,0,0,0,0,1000,3300,2400,700,700,0,0,0,0,0,0,0,0,32,0,160,480,0,0,0,0,0,13,26,6300,0,0,0,0,0,0,26,0,0,0,26,1500,0,0,0,0,13,400,0,0,0,0,0,0,0,0,0,0,0,0,0,0,0,0,0,0,0,0,0,0,0,0,0,0,0,0,0,0,0,0,0,0,0,0,0,0,13,400,0,0,0,0,0,0,0,0,0,0,0,0,0,0,0,0,0,0,0,0,0,0,0,0,1500,26,6300,0,0,0,0
yune,track-b-product,jyut6ping3_mobile,session_create_select_destroy,,49,1,0,0,53,35200,0,0,0,0,1000,3900,2700,900,600,0,0,0,0,0,0,0,0,32,0,160,480,0,0,0,0,0,13,26,6700,0,0,0,0,0,0,26,0,0,0,26,1500,0,0,0,0,13,300,0,0,0,0,0,0,0,0,0,0,0,0,0,0,0,0,0,0,0,0,0,0,0,0,0,0,0,0,0,0,0,0,0,0,0,0,0,0,13,500,0,0,0,0,0,0,0,0,0,0,0,0,0,0,0,0,0,0,0,0,0,0,0,0,1500,26,6700,0,0,0,0
yune,track-b-product,jyut6ping3_mobile,session_create_select_destroy,,50,1,0,0,53,34300,0,0,0,0,600,3300,2500,500,800,0,0,0,0,0,0,0,0,32,0,160,480,0,0,0,0,0,13,26,6600,0,0,0,0,0,0,26,0,0,0,26,1200,0,0,0,0,13,100,0,0,0,0,0,0,0,0,0,0,0,0,0,0,0,0,0,0,0,0,0,0,0,0,0,0,0,0,0,0,0,0,0,0,0,0,0,0,13,200,0,0,0,0,0,0,0,0,0,0,0,0,0,0,0,0,0,0,0,0,0,0,0,0,1200,26,6600,0,0,0,0
yune,track-b-product,jyut6ping3_mobile,session_create_select_destroy,,51,1,0,0,53,35600,0,0,0,0,600,3600,2800,600,900,0,0,0,0,0,0,0,0,32,0,160,480,0,0,0,0,0,13,26,6300,0,0,0,0,0,0,26,0,0,0,26,1200,0,0,0,0,13,200,0,0,0,0,0,0,0,0,0,0,0,0,0,0,0,0,0,0,0,0,0,0,0,0,0,0,0,0,0,0,0,0,0,0,0,0,0,0,13,500,0,0,0,0,0,0,0,0,0,0,0,0,0,0,0,0,0,0,0,0,0,0,0,0,1200,26,6300,0,0,0,0
yune,track-b-product,jyut6ping3_mobile,session_create_select_destroy,,52,1,0,0,53,37500,0,0,0,0,1000,3500,2400,600,400,0,0,0,0,0,0,0,0,32,0,160,480,0,0,0,0,0,13,26,6500,0,0,0,0,0,0,26,0,0,0,26,1300,0,0,0,0,13,200,0,0,0,0,0,0,0,0,0,0,0,0,0,0,0,0,0,0,0,0,0,0,0,0,0,0,0,0,0,0,0,0,0,0,0,0,0,0,13,700,0,0,0,0,0,0,0,0,0,0,0,0,0,0,0,0,0,0,0,0,0,0,0,0,1300,26,6500,0,0,0,0
yune,track-b-product,jyut6ping3_mobile,session_create_select_destroy,,53,1,0,0,53,35700,0,0,0,0,600,3500,2100,1100,500,0,0,0,0,0,0,0,0,32,0,160,480,0,0,0,0,0,13,26,6500,0,0,0,0,0,0,26,0,0,0,26,1500,0,0,0,0,13,300,0,0,0,0,0,0,0,0,0,0,0,0,0,0,0,0,0,0,0,0,0,0,0,0,0,0,0,0,0,0,0,0,0,0,0,0,0,0,13,600,0,0,0,0,0,0,0,0,0,0,0,0,0,0,0,0,0,0,0,0,0,0,0,0,1500,26,6500,0,0,0,0
yune,track-b-product,jyut6ping3_mobile,session_create_select_destroy,,54,1,0,0,53,35300,0,0,0,0,300,3200,2500,1100,1000,0,0,0,0,0,0,0,0,32,0,160,480,0,0,0,0,0,13,26,6200,0,0,0,0,0,0,26,0,0,0,26,1400,0,0,0,0,13,500,0,0,0,0,0,0,0,0,0,0,0,0,0,0,0,0,0,0,0,0,0,0,0,0,0,0,0,0,0,0,0,0,0,0,0,0,0,0,13,700,0,0,0,0,0,0,0,0,0,0,0,0,0,0,0,0,0,0,0,0,0,0,0,0,1400,26,6200,0,0,0,0
yune,track-b-product,jyut6ping3_mobile,session_create_select_destroy,,55,1,0,0,53,34300,0,0,0,0,900,3400,2300,700,600,0,0,0,0,0,0,0,0,32,0,160,480,0,0,0,0,0,13,26,6500,0,0,0,0,0,0,26,0,0,0,26,800,0,0,0,0,13,200,0,0,0,0,0,0,0,0,0,0,0,0,0,0,0,0,0,0,0,0,0,0,0,0,0,0,0,0,0,0,0,0,0,0,0,0,0,0,13,600,0,0,0,0,0,0,0,0,0,0,0,0,0,0,0,0,0,0,0,0,0,0,0,0,800,26,6500,0,0,0,0
yune,track-b-product,jyut6ping3_mobile,session_create_select_destroy,,56,1,0,0,53,35500,0,0,0,0,700,3600,2600,400,800,0,0,0,0,0,0,0,0,32,0,160,480,0,0,0,0,0,13,26,6800,0,0,0,0,0,0,26,0,0,0,26,1200,0,0,0,0,13,300,0,0,0,0,0,0,0,0,0,0,0,0,0,0,0,0,0,0,0,0,0,0,0,0,0,0,0,0,0,0,0,0,0,0,0,0,0,0,13,400,0,0,0,0,0,0,0,0,0,0,0,0,0,0,0,0,0,0,0,0,0,0,0,0,1200,26,6800,0,0,0,0
yune,track-b-product,jyut6ping3_mobile,session_create_select_destroy,,57,1,0,0,53,34900,0,0,0,0,500,3400,2500,900,800,0,0,0,0,0,0,0,0,32,0,160,480,0,0,0,0,0,13,26,6400,0,0,0,0,0,0,26,0,0,0,26,1300,0,0,0,0,13,400,0,0,0,0,0,0,0,0,0,0,0,0,0,0,0,0,0,0,0,0,0,0,0,0,0,0,0,0,0,0,0,0,0,0,0,0,0,0,13,600,0,0,0,0,0,0,0,0,0,0,0,0,0,0,0,0,0,0,0,0,0,0,0,0,1300,26,6400,0,0,0,0
yune,track-b-product,jyut6ping3_mobile,session_create_select_destroy,,58,1,0,0,53,34600,0,0,0,0,900,3500,2700,700,800,0,0,0,0,0,0,0,0,32,0,160,480,0,0,0,0,0,13,26,6200,0,0,0,0,0,0,26,0,0,0,26,1100,0,0,0,0,13,200,0,0,0,0,0,0,0,0,0,0,0,0,0,0,0,0,0,0,0,0,0,0,0,0,0,0,0,0,0,0,0,0,0,0,0,0,0,0,13,400,0,0,0,0,0,0,0,0,0,0,0,0,0,0,0,0,0,0,0,0,0,0,0,0,1100,26,6200,0,0,0,0
yune,track-b-product,jyut6ping3_mobile,session_create_select_destroy,,59,1,0,0,53,36000,0,0,0,0,500,3400,2500,800,200,0,0,0,0,0,0,0,0,32,0,160,480,0,0,0,0,0,13,26,6800,0,0,0,0,0,0,26,0,0,0,26,1300,0,0,0,0,13,600,0,0,0,0,0,0,0,0,0,0,0,0,0,0,0,0,0,0,0,0,0,0,0,0,0,0,0,0,0,0,0,0,0,0,0,0,0,0,13,300,0,0,0,0,0,0,0,0,0,0,0,0,0,0,0,0,0,0,0,0,0,0,0,0,1300,26,6800,0,0,0,0
yune,track-b-product,jyut6ping3_mobile,key_sequence_process_with_context,neigojangingkeisatjinggoiziwunciucoenggeoizisyujapsinhojijung,0,61,61,21526500,183,20748000,20513,4218,239900,3760,8500,20000,567600,2000,56200,3760,0,5,1,2300,5,1,200,61,0,305,915,4,80,55,5645,0,57,4177,1591600,6263,118,1232300,5798,0,0,4177,118,0,0,11001,566300,17903,12,236,800,57,13269500,23708,22624,9784600,8334,1118,229700,45,8379,8379,1380,0,37,57,0,0,0,0,0,0,0,0,0,0,0,0,0,0,0,0,0,0,0,0,0,0,0,0,0,58,5953600,6262,3712,0,0,0,0,0,0,0,0,0,0,0,0,0,0,0,0,0,0,0,0,0,4716,29300,119,23200,118,1232300,42,118600
yune,track-b-product,jyut6ping3_mobile,key_sequence_process_with_context,neigojangingkeisatjinggoiziwunciucoenggeoizisyujapsinhojijung,1,61,61,21511600,183,20738800,20513,4218,243300,3760,7600,19800,560400,1400,56300,3760,0,5,1,2200,5,1,300,61,0,305,915,4,80,55,5645,0,57,4177,1577200,6263,118,1231300,5798,0,0,4177,118,0,0,11001,572400,17903,12,236,700,57,13223300,23708,22624,9735700,8334,1118,228700,45,8379,8379,1380,0,37,57,0,0,0,0,0,0,0,0,0,0,0,0,0,0,0,0,0,0,0,0,0,0,0,0,0,58,5990000,6262,3712,0,0,0,0,0,0,0,0,0,0,0,0,0,0,0,0,0,0,0,0,0,4716,30400,119,22900,118,1231300,42,118100
yune,track-b-product,jyut6ping3_mobile,key_sequence_process_with_context,neigojangingkeisatjinggoiziwunciucoenggeoizisyujapsinhojijung,2,61,61,22408000,183,21582700,20513,4218,242200,3760,9400,23500,574900,2200,60700,3760,0,5,1,3200,5,1,500,61,0,305,915,4,80,55,5645,0,57,4177,1628100,6263,118,1225300,5798,0,0,4177,118,0,0,11001,614300,17903,12,236,800,57,13795200,23708,22624,10206900,8334,1118,224700,45,8379,8379,1380,0,37,57,0,0,0,0,0,0,0,0,0,0,0,0,0,0,0,0,0,0,0,0,0,0,0,0,0,58,6248400,6262,3712,0,0,0,0,0,0,0,0,0,0,0,0,0,0,0,0,0,0,0,0,0,4716,30200,119,23400,118,1225300,42,117600
yune,track-b-product,jyut6ping3_mobile,key_sequence_process_with_context,neigojangingkeisatjinggoiziwunciucoenggeoizisyujapsinhojijung,3,61,61,21388000,183,20602100,20513,4218,258600,3760,8500,21600,556900,1700,58700,3760,0,5,1,3100,5,1,400,61,0,305,915,4,80,55,5645,0,57,4177,1544200,6263,118,1203500,5798,0,0,4177,118,0,0,11001,572300,17903,12,236,900,57,13137900,23708,22624,9631600,8334,1118,223800,45,8379,8379,1380,0,37,57,0,0,0,0,0,0,0,0,0,0,0,0,0,0,0,0,0,0,0,0,0,0,0,0,0,58,5936400,6262,3712,0,0,0,0,0,0,0,0,0,0,0,0,0,0,0,0,0,0,0,0,0,4716,32800,119,23100,118,1203500,42,117800
yune,track-b-product,jyut6ping3_mobile,key_sequence_process_with_context,neigojangingkeisatjinggoiziwunciucoenggeoizisyujapsinhojijung,4,61,61,21095200,183,20343000,20513,4218,263900,3760,7600,19900,537300,1700,56100,3760,0,5,1,2200,5,1,300,61,0,305,915,4,80,55,5645,0,57,4177,1553000,6263,118,1202200,5798,0,0,4177,118,0,0,11001,559200,17903,12,236,600,57,12973800,23708,22624,9494400,8334,1118,216900,45,8379,8379,1380,0,37,57,0,0,0,0,0,0,0,0,0,0,0,0,0,0,0,0,0,0,0,0,0,0,0,0,0,58,5865000,6262,3712,0,0,0,0,0,0,0,0,0,0,0,0,0,0,0,0,0,0,0,0,0,4716,32900,119,29100,118,1202200,42,119300
yune,track-b-product,jyut6ping3_mobile,key_sequence_process_with_context,neigojangingkeisatjinggoiziwunciucoenggeoizisyujapsinhojijung,5,61,61,21033400,183,20283700,20513,4218,242700,3760,7800,20000,538200,1000,56100,3760,0,5,1,2000,5,1,200,61,0,305,915,4,80,55,5645,0,57,4177,1536800,6263,118,1219000,5798,0,0,4177,118,0,0,11001,562900,17903,12,236,600,57,12914000,23708,22624,9438300,8334,1118,223600,45,8379,8379,1380,0,37,57,0,0,0,0,0,0,0,0,0,0,0,0,0,0,0,0,0,0,0,0,0,0,0,0,0,58,5859900,6262,3712,0,0,0,0,0,0,0,0,0,0,0,0,0,0,0,0,0,0,0,0,0,4716,31800,119,22200,118,1219000,42,116700
yune,track-b-product,jyut6ping3_mobile,key_sequence_process_with_context,neigojangingkeisatjinggoiziwunciucoenggeoizisyujapsinhojijung,6,61,61,21185900,183,20421200,20513,4218,247700,3760,7600,20100,552300,1700,55500,3760,0,5,1,2000,5,1,200,61,0,305,915,4,80,55,5645,0,57,4177,1537100,6263,118,1204700,5798,0,0,4177,118,0,0,11001,560000,17903,12,236,600,57,13071300,23708,22624,9600600,8334,1118,222500,45,8379,8379,1380,0,37,57,0,0,0,0,0,0,0,0,0,0,0,0,0,0,0,0,0,0,0,0,0,0,0,0,0,58,5855200,6262,3712,0,0,0,0,0,0,0,0,0,0,0,0,0,0,0,0,0,0,0,0,0,4716,29000,119,22200,118,1204700,42,116300
yune,track-b-product,jyut6ping3_mobile,key_sequence_process_with_context,neigojangingkeisatjinggoiziwunciucoenggeoizisyujapsinhojijung,7,61,61,21136400,183,20387000,20513,4218,232700,3760,5000,19600,546600,1700,52700,3760,0,5,1,2100,5,1,200,61,0,305,915,4,80,55,5645,0,57,4177,1536800,6263,118,1220500,5798,0,0,4177,118,0,0,11001,564800,17903,12,236,600,57,13025100,23708,22624,9541800,8334,1118,223000,45,8379,8379,1380,0,37,57,0,0,0,0,0,0,0,0,0,0,0,0,0,0,0,0,0,0,0,0,0,0,0,0,0,58,5852400,6262,3712,0,0,0,0,0,0,0,0,0,0,0,0,0,0,0,0,0,0,0,0,0,4716,28400,119,22900,118,1220500,42,117100
yune,track-b-product,jyut6ping3_mobile,key_sequence_process_with_context,neigojangingkeisatjinggoiziwunciucoenggeoizisyujapsinhojijung,8,61,61,21304500,183,20549000,20513,4218,244600,3760,5000,20300,552400,1500,54600,3760,0,5,1,2000,5,1,300,61,0,305,915,4,80,55,5645,0,57,4177,1542000,6263,118,1216000,5798,0,0,4177,118,0,0,11001,577000,17903,12,236,400,57,13169700,23708,22624,9661500,8334,1118,228800,45,8379,8379,1380,0,37,57,0,0,0,0,0,0,0,0,0,0,0,0,0,0,0,0,0,0,0,0,0,0,0,0,0,58,5872500,6262,3712,0,0,0,0,0,0,0,0,0,0,0,0,0,0,0,0,0,0,0,0,0,4716,29600,119,22200,118,1216000,42,118600
yune,track-b-product,jyut6ping3_mobile,key_sequence_process_with_context,neigojangingkeisatjinggoiziwunciucoenggeoizisyujapsinhojijung,9,61,61,21351000,183,20587600,20513,4218,242100,3760,5100,19900,558400,600,53800,3760,0,5,1,2000,5,1,200,61,0,305,915,4,80,55,5645,0,57,4177,1544200,6263,118,1221200,5798,0,0,4177,118,0,0,11001,574500,17903,12,236,600,57,13124000,23708,22624,9624100,8334,1118,229900,45,8379,8379,1380,0,37,57,0,0,0,0,0,0,0,0,0,0,0,0,0,0,0,0,0,0,0,0,0,0,0,0,0,58,5934500,6262,3712,0,0,0,0,0,0,0,0,0,0,0,0,0,0,0,0,0,0,0,0,0,4716,29300,119,21900,118,1221200,42,118200
yune,track-b-product,jyut6ping3_mobile,key_sequence_process_with_context,neigojangingkeisatjinggoiziwunciucoenggeoizisyujapsinhojijung,10,61,61,21227300,183,20459000,20513,4218,231700,3760,4900,20300,559800,1300,54800,3760,0,5,1,2000,5,1,200,61,0,305,915,4,80,55,5645,0,57,4177,1560300,6263,118,1206800,5798,0,0,4177,118,0,0,11001,557300,17903,12,236,800,57,13080600,23708,22624,9606200,8334,1118,224600,45,8379,8379,1380,0,37,57,0,0,0,0,0,0,0,0,0,0,0,0,0,0,0,0,0,0,0,0,0,0,0,0,0,58,5872900,6262,3712,0,0,0,0,0,0,0,0,0,0,0,0,0,0,0,0,0,0,0,0,0,4716,29000,119,29100,118,1206800,42,116800
yune,track-b-product,jyut6ping3_mobile,key_sequence_process_with_context,neigojangingkeisatjinggoiziwunciucoenggeoizisyujapsinhojijung,11,61,61,21286800,183,20524400,20513,4218,250800,3760,5500,20200,558600,1700,53300,3760,0,5,1,2000,5,1,200,61,0,305,915,4,80,55,5645,0,57,4177,1575800,6263,118,1225300,5798,0,0,4177,118,0,0,11001,560800,17903,12,236,600,57,13106200,23708,22624,9597600,8334,1118,223800,45,8379,8379,1380,0,37,57,0,0,0,0,0,0,0,0,0,0,0,0,0,0,0,0,0,0,0,0,0,0,0,0,0,58,5907000,6262,3712,0,0,0,0,0,0,0,0,0,0,0,0,0,0,0,0,0,0,0,0,0,4716,28700,119,22600,118,1225300,42,125400
yune,track-b-product,jyut6ping3_mobile,key_sequence_process_with_context,neigojangingkeisatjinggoiziwunciucoenggeoizisyujapsinhojijung,12,61,61,21362200,183,20591700,20513,4218,239600,3760,4800,20000,565300,1100,53700,3760,0,5,1,2100,5,1,200,61,0,305,915,4,80,55,5645,0,57,4177,1557600,6263,118,1240700,5798,0,0,4177,118,0,0,11001,568400,17903,12,236,800,57,13203800,23708,22624,9653800,8334,1118,227400,45,8379,8379,1380,0,37,57,0,0,0,0,0,0,0,0,0,0,0,0,0,0,0,0,0,0,0,0,0,0,0,0,0,58,5859300,6262,3712,0,0,0,0,0,0,0,0,0,0,0,0,0,0,0,0,0,0,0,0,0,4716,28600,119,22500,118,1240700,42,117300
yune,track-b-product,jyut6ping3_mobile,key_sequence_process_with_context,neigojangingkeisatjinggoiziwunciucoenggeoizisyujapsinhojijung,13,61,61,21397700,183,20630400,20513,4218,249000,3760,5300,20700,562600,1600,53300,3760,0,5,1,2200,5,1,200,61,0,305,915,4,80,55,5645,0,57,4177,1576400,6263,118,1213900,5798,0,0,4177,118,0,0,11001,571700,17903,12,236,600,57,13184700,23708,22624,9636600,8334,1118,232300,45,8379,8379,1380,0,37,57,0,0,0,0,0,0,0,0,0,0,0,0,0,0,0,0,0,0,0,0,0,0,0,0,0,58,5942500,6262,3712,0,0,0,0,0,0,0,0,0,0,0,0,0,0,0,0,0,0,0,0,0,4716,29600,119,22300,118,1213900,42,117900
yune,track-b-product,jyut6ping3_mobile,key_sequence_process_with_context,neigojangingkeisatjinggoiziwunciucoenggeoizisyujapsinhojijung,14,61,61,21296700,183,20522200,20513,4218,239600,3760,4900,19800,561200,1900,63700,3760,0,5,1,2100,5,1,200,61,0,305,915,4,80,55,5645,0,57,4177,1568300,6263,118,1215200,5798,0,0,4177,118,0,0,11001,557900,17903,12,236,700,57,13117500,23708,22624,9628300,8334,1118,226400,45,8379,8379,1380,0,37,57,0,0,0,0,0,0,0,0,0,0,0,0,0,0,0,0,0,0,0,0,0,0,0,0,0,58,5902200,6262,3712,0,0,0,0,0,0,0,0,0,0,0,0,0,0,0,0,0,0,0,0,0,4716,28600,119,22200,118,1215200,42,116800
yune,track-b-product,jyut6ping3_mobile,key_sequence_process_with_context,neigojangingkeisatjinggoiziwunciucoenggeoizisyujapsinhojijung,15,61,61,21273800,183,20506600,20513,4218,247800,3760,5400,20600,563500,1900,53500,3760,0,5,1,2100,5,1,300,61,0,305,915,4,80,55,5645,0,57,4177,1547800,6263,118,1211000,5798,0,0,4177,118,0,0,11001,557900,17903,12,236,500,57,13119900,23708,22624,9613500,8334,1118,232900,45,8379,8379,1380,0,37,57,0,0,0,0,0,0,0,0,0,0,0,0,0,0,0,0,0,0,0,0,0,0,0,0,0,58,5887100,6262,3712,0,0,0,0,0,0,0,0,0,0,0,0,0,0,0,0,0,0,0,0,0,4716,29000,119,22100,118,1211000,42,118000
yune,track-b-product,jyut6ping3_mobile,key_sequence_process_with_context,neigojangingkeisatjinggoiziwunciucoenggeoizisyujapsinhojijung,16,61,61,21304600,183,20539400,20513,4218,241900,3760,5900,19600,558700,1300,54200,3760,0,5,1,2100,5,1,200,61,0,305,915,4,80,55,5645,0,57,4177,1561300,6263,118,1214500,5798,0,0,4177,118,0,0,11001,569300,17903,12,236,700,57,13131800,23708,22624,9619100,8334,1118,231900,45,8379,8379,1380,0,37,57,0,0,0,0,0,0,0,0,0,0,0,0,0,0,0,0,0,0,0,0,0,0,0,0,0,58,5906900,6262,3712,0,0,0,0,0,0,0,0,0,0,0,0,0,0,0,0,0,0,0,0,0,4716,29600,119,21500,118,1214500,42,117100
yune,track-b-product,jyut6ping3_mobile,key_sequence_process_with_context,neigojangingkeisatjinggoiziwunciucoenggeoizisyujapsinhojijung,17,61,61,21267800,183,20490600,20513,4218,236500,3760,5400,19400,567000,1700,54300,3760,0,5,1,2100,5,1,200,61,0,305,915,4,80,55,5645,0,57,4177,1590400,6263,118,1204700,5798,0,0,4177,118,0,0,11001,564200,17903,12,236,600,57,13082100,23708,22624,9578100,8334,1118,226800,45,8379,8379,1380,0,37,57,0,0,0,0,0,0,0,0,0,0,0,0,0,0,0,0,0,0,0,0,0,0,0,0,0,58,5909600,6262,3712,0,0,0,0,0,0,0,0,0,0,0,0,0,0,0,0,0,0,0,0,0,4716,29300,119,21800,118,1204700,42,117300
yune,track-b-product,jyut6ping3_mobile,key_sequence_process_with_context,neigojangingkeisatjinggoiziwunciucoenggeoizisyujapsinhojijung,18,61,61,21365800,183,20577200,20513,4218,233900,3760,5800,19600,584300,1400,54000,3760,0,5,1,2200,5,1,200,61,0,305,915,4,80,55,5645,0,57,4177,1558000,6263,118,1219100,5798,0,0,4177,118,0,0,11001,564800,17903,12,236,700,57,13175400,23708,22624,9643300,8334,1118,225700,45,8379,8379,1380,0,37,57,0,0,0,0,0,0,0,0,0,0,0,0,0,0,0,0,0,0,0,0,0,0,0,0,0,58,5895900,6262,3712,0,0,0,0,0,0,0,0,0,0,0,0,0,0,0,0,0,0,0,0,0,4716,28700,119,22100,118,1219100,42,118100
yune,track-b-product,jyut6ping3_mobile,key_sequence_process_with_context,neigojangingkeisatjinggoiziwunciucoenggeoizisyujapsinhojijung,19,61,61,21263300,183,20490800,20513,4218,242100,3760,5400,19400,560500,1900,61800,3760,0,5,1,2200,5,1,200,61,0,305,915,4,80,55,5645,0,57,4177,1555900,6263,118,1211200,5798,0,0,4177,118,0,0,11001,559700,17903,12,236,700,57,13147900,23708,22624,9654300,8334,1118,226600,45,8379,8379,1380,0,37,57,0,0,0,0,0,0,0,0,0,0,0,0,0,0,0,0,0,0,0,0,0,0,0,0,0,58,5843500,6262,3712,0,0,0,0,0,0,0,0,0,0,0,0,0,0,0,0,0,0,0,0,0,4716,30300,119,22000,118,1211200,42,116900
yune,track-b-product,jyut6ping3_mobile,key_sequence_process_with_context,neigojangingkeisatjinggoiziwunciucoenggeoizisyujapsinhojijung,20,61,61,21364200,183,20592300,20513,4218,247500,3760,5200,20100,567900,1600,53600,3760,0,5,1,2100,5,1,200,61,0,305,915,4,80,55,5645,0,57,4177,1553000,6263,118,1205400,5798,0,0,4177,118,0,0,11001,558800,17903,12,236,700,57,13193600,23708,22624,9665100,8334,1118,230100,45,8379,8379,1380,0,37,57,0,0,0,0,0,0,0,0,0,0,0,0,0,0,0,0,0,0,0,0,0,0,0,0,0,58,5905500,6262,3712,0,0,0,0,0,0,0,0,0,0,0,0,0,0,0,0,0,0,0,0,0,4716,28800,119,22900,118,1205400,42,117800
yune,track-b-product,jyut6ping3_mobile,key_sequence_process_with_context,neigojangingkeisatjinggoiziwunciucoenggeoizisyujapsinhojijung,21,61,61,21346500,183,20588800,20513,4218,240900,3760,5000,20100,554800,1800,54000,3760,0,5,1,2000,5,1,200,61,0,305,915,4,80,55,5645,0,57,4177,1560600,6263,118,1224200,5798,0,0,4177,118,0,0,11001,567700,17903,12,236,500,57,13177200,23708,22624,9663400,8334,1118,226800,45,8379,8379,1380,0,37,57,0,0,0,0,0,0,0,0,0,0,0,0,0,0,0,0,0,0,0,0,0,0,0,0,0,58,5898100,6262,3712,0,0,0,0,0,0,0,0,0,0,0,0,0,0,0,0,0,0,0,0,0,4716,28900,119,23400,118,1224200,42,117900
yune,track-b-product,jyut6ping3_mobile,key_sequence_process_with_context,neigojangingkeisatjinggoiziwunciucoenggeoizisyujapsinhojijung,22,61,61,21400900,183,20631100,20513,4218,253000,3760,4900,19800,565300,1600,54700,3760,0,5,1,2100,5,1,300,61,0,305,915,4,80,55,5645,0,57,4177,1569200,6263,118,1203000,5798,0,0,4177,118,0,0,11001,572000,17903,12,236,600,57,13186100,23708,22624,9683200,8334,1118,244500,45,8379,8379,1380,0,37,57,0,0,0,0,0,0,0,0,0,0,0,0,0,0,0,0,0,0,0,0,0,0,0,0,0,58,5954900,6262,3712,0,0,0,0,0,0,0,0,0,0,0,0,0,0,0,0,0,0,0,0,0,4716,29000,119,23400,118,1203000,42,117900
yune,track-b-product,jyut6ping3_mobile,key_sequence_process_with_context,neigojangingkeisatjinggoiziwunciucoenggeoizisyujapsinhojijung,23,61,61,21407200,183,20638500,20513,4218,231900,3760,5400,19900,564600,1200,54600,3760,0,5,1,2100,5,1,300,61,0,305,915,4,80,55,5645,0,57,4177,1565400,6263,118,1212400,5798,0,0,4177,118,0,0,11001,566200,17903,12,236,600,57,13217800,23708,22624,9669600,8334,1118,238600,45,8379,8379,1380,0,37,57,0,0,0,0,0,0,0,0,0,0,0,0,0,0,0,0,0,0,0,0,0,0,0,0,0,58,5914000,6262,3712,0,0,0,0,0,0,0,0,0,0,0,0,0,0,0,0,0,0,0,0,0,4716,29600,119,22900,118,1212400,42,116600
yune,track-b-product,jyut6ping3_mobile,key_sequence_process_with_context,neigojangingkeisatjinggoiziwunciucoenggeoizisyujapsinhojijung,24,61,61,21392700,183,20628600,20513,4218,244000,3760,5000,19400,558900,1100,55100,3760,0,5,1,2000,5,1,200,61,0,305,915,4,80,55,5645,0,57,4177,1558500,6263,118,1204800,5798,0,0,4177,118,0,0,11001,567800,17903,12,236,500,57,13203800,23708,22624,9671000,8334,1118,255600,45,8379,8379,1380,0,37,57,0,0,0,0,0,0,0,0,0,0,0,0,0,0,0,0,0,0,0,0,0,0,0,0,0,58,5930500,6262,3712,0,0,0,0,0,0,0,0,0,0,0,0,0,0,0,0,0,0,0,0,0,4716,28900,119,21900,118,1204800,42,117800
yune,track-b-product,jyut6ping3_mobile,key_sequence_process_with_context,neigojangingkeisatjinggoiziwunciucoenggeoizisyujapsinhojijung,25,61,61,21333400,183,20572900,20513,4218,249800,3760,5400,19700,558100,1400,53600,3760,0,5,1,2100,5,1,200,61,0,305,915,4,80,55,5645,0,57,4177,1551100,6263,118,1205200,5798,0,0,4177,118,0,0,11001,565600,17903,12,236,600,57,13198700,23708,22624,9669300,8334,1118,228800,45,8379,8379,1380,0,37,57,0,0,0,0,0,0,0,0,0,0,0,0,0,0,0,0,0,0,0,0,0,0,0,0,0,58,5875100,6262,3712,0,0,0,0,0,0,0,0,0,0,0,0,0,0,0,0,0,0,0,0,0,4716,29500,119,28300,118,1205200,42,118100
yune,track-b-product,jyut6ping3_mobile,key_sequence_process_with_context,neigojangingkeisatjinggoiziwunciucoenggeoizisyujapsinhojijung,26,61,61,21388900,183,20605400,20513,4218,243700,3760,5000,19900,578800,1400,54400,3760,0,5,1,2100,5,1,200,61,0,305,915,4,80,55,5645,0,57,4177,1550300,6263,118,1212100,5798,0,0,4177,118,0,0,11001,587500,17903,12,236,700,57,13214400,23708,22624,9703300,8334,1118,230000,45,8379,8379,1380,0,37,57,0,0,0,0,0,0,0,0,0,0,0,0,0,0,0,0,0,0,0,0,0,0,0,0,0,58,5889000,6262,3712,0,0,0,0,0,0,0,0,0,0,0,0,0,0,0,0,0,0,0,0,0,4716,28600,119,22500,118,1212100,42,116600
yune,track-b-product,jyut6ping3_mobile,key_sequence_process_with_context,neigojangingkeisatjinggoiziwunciucoenggeoizisyujapsinhojijung,27,61,61,21359400,183,20596100,20513,4218,234400,3760,5200,19800,558800,1400,54900,3760,0,5,1,2100,5,1,200,61,0,305,915,4,80,55,5645,0,57,4177,1562100,6263,118,1210000,5798,0,0,4177,118,0,0,11001,568700,17903,12,236,600,57,13188700,23708,22624,9681000,8334,1118,227300,45,8379,8379,1380,0,37,57,0,0,0,0,0,0,0,0,0,0,0,0,0,0,0,0,0,0,0,0,0,0,0,0,0,58,5908600,6262,3712,0,0,0,0,0,0,0,0,0,0,0,0,0,0,0,0,0,0,0,0,0,4716,29400,119,23000,118,1210000,42,127600
yune,track-b-product,jyut6ping3_mobile,key_sequence_process_with_context,neigojangingkeisatjinggoiziwunciucoenggeoizisyujapsinhojijung,28,61,61,21395500,183,20624500,20513,4218,237700,3760,5400,19800,557300,1500,54500,3760,0,5,1,2200,5,1,200,61,0,305,915,4,80,55,5645,0,57,4177,1557600,6263,118,1215900,5798,0,0,4177,118,0,0,11001,561200,17903,12,236,600,57,13208000,23708,22624,9657300,8334,1118,253100,45,8379,8379,1380,0,37,57,0,0,0,0,0,0,0,0,0,0,0,0,0,0,0,0,0,0,0,0,0,0,0,0,0,58,5907100,6262,3712,0,0,0,0,0,0,0,0,0,0,0,0,0,0,0,0,0,0,0,0,0,4716,28800,119,28300,118,1215900,42,116600
yune,track-b-product,jyut6ping3_mobile,key_sequence_process_with_context,neigojangingkeisatjinggoiziwunciucoenggeoizisyujapsinhojijung,29,61,61,21359800,183,20593000,20513,4218,239700,3760,5400,19700,561600,1400,53500,3760,0,5,1,2100,5,1,200,61,0,305,915,4,80,55,5645,0,57,4177,1555400,6263,118,1209700,5798,0,0,4177,118,0,0,11001,564700,17903,12,236,600,57,13202300,23708,22624,9707700,8334,1118,229200,45,8379,8379,1380,0,37,57,0,0,0,0,0,0,0,0,0,0,0,0,0,0,0,0,0,0,0,0,0,0,0,0,0,58,5883200,6262,3712,0,0,0,0,0,0,0,0,0,0,0,0,0,0,0,0,0,0,0,0,0,4716,29400,119,23000,118,1209700,42,116700
yune,track-b-product,jyut6ping3_mobile,key_sequence_process_with_context,neigojangingkeisatjinggoiziwunciucoenggeoizisyujapsinhojijung,30,61,61,21386300,183,20625800,20513,4218,238100,3760,5000,20200,555800,2000,54000,3760,0,5,1,2100,5,1,200,61,0,305,915,4,80,55,5645,0,57,4177,1583200,6263,118,1213600,5798,0,0,4177,118,0,0,11001,564100,17903,12,236,500,57,13173200,23708,22624,9668100,8334,1118,227000,45,8379,8379,1380,0,37,57,0,0,0,0,0,0,0,0,0,0,0,0,0,0,0,0,0,0,0,0,0,0,0,0,0,58,5951000,6262,3712,0,0,0,0,0,0,0,0,0,0,0,0,0,0,0,0,0,0,0,0,0,4716,29900,119,23200,118,1213600,42,116900
yune,track-b-product,jyut6ping3_mobile,key_sequence_process_with_context,neigojangingkeisatjinggoiziwunciucoenggeoizisyujapsinhojijung,31,61,61,21428700,183,20651800,20513,4218,243200,3760,5000,19900,563700,1200,54400,3760,0,5,1,2100,5,1,200,61,0,305,915,4,80,55,5645,0,57,4177,1570500,6263,118,1202500,5798,0,0,4177,118,0,0,11001,581600,17903,12,236,700,57,13217900,23708,22624,9691900,8334,1118,229100,45,8379,8379,1380,0,37,57,0,0,0,0,0,0,0,0,0,0,0,0,0,0,0,0,0,0,0,0,0,0,0,0,0,58,5941200,6262,3712,0,0,0,0,0,0,0,0,0,0,0,0,0,0,0,0,0,0,0,0,0,4716,28600,119,22100,118,1202500,42,118600
yune,track-b-product,jyut6ping3_mobile,key_sequence_process_with_context,neigojangingkeisatjinggoiziwunciucoenggeoizisyujapsinhojijung,32,61,61,21417700,183,20645000,20513,4218,245000,3760,5400,20200,563900,900,54000,3760,0,5,1,2100,5,1,200,61,0,305,915,4,80,55,5645,0,57,4177,1552300,6263,118,1212600,5798,0,0,4177,118,0,0,11001,570400,17903,12,236,600,57,13216900,23708,22624,9714100,8334,1118,228200,45,8379,8379,1380,0,37,57,0,0,0,0,0,0,0,0,0,0,0,0,0,0,0,0,0,0,0,0,0,0,0,0,0,58,5925900,6262,3712,0,0,0,0,0,0,0,0,0,0,0,0,0,0,0,0,0,0,0,0,0,4716,29300,119,22900,118,1212600,42,117300
yune,track-b-product,jyut6ping3_mobile,key_sequence_process_with_context,neigojangingkeisatjinggoiziwunciucoenggeoizisyujapsinhojijung,33,61,61,21433200,183,20659900,20513,4218,274800,3760,4300,19800,559100,1000,54000,3760,0,5,1,2100,5,1,200,61,0,305,915,4,80,55,5645,0,57,4177,1550400,6263,118,1208100,5798,0,0,4177,118,0,0,11001,552800,17903,12,236,600,57,13176700,23708,22624,9672700,8334,1118,227000,45,8379,8379,1380,0,37,57,0,0,0,0,0,0,0,0,0,0,0,0,0,0,0,0,0,0,0,0,0,0,0,0,0,58,5987100,6262,3712,0,0,0,0,0,0,0,0,0,0,0,0,0,0,0,0,0,0,0,0,0,4716,30200,119,22900,118,1208100,42,118500
yune,track-b-product,jyut6ping3_mobile,key_sequence_process_with_context,neigojangingkeisatjinggoiziwunciucoenggeoizisyujapsinhojijung,34,61,61,21397600,183,20623400,20513,4218,237100,3760,5800,20600,568300,1500,53800,3760,0,5,1,2000,5,1,200,61,0,305,915,4,80,55,5645,0,57,4177,1569600,6263,118,1208200,5798,0,0,4177,118,0,0,11001,569700,17903,12,236,300,57,13201800,23708,22624,9676700,8334,1118,229200,45,8379,8379,1380,0,37,57,0,0,0,0,0,0,0,0,0,0,0,0,0,0,0,0,0,0,0,0,0,0,0,0,0,58,5918300,6262,3712,0,0,0,0,0,0,0,0,0,0,0,0,0,0,0,0,0,0,0,0,0,4716,28900,119,23100,118,1208200,42,117600
yune,track-b-product,jyut6ping3_mobile,key_sequence_process_with_context,neigojangingkeisatjinggoiziwunciucoenggeoizisyujapsinhojijung,35,61,61,21457500,183,20680700,20513,4218,244500,3760,5100,20600,572000,1500,54400,3760,0,5,1,2100,5,1,200,61,0,305,915,4,80,55,5645,0,57,4177,1570400,6263,118,1213600,5798,0,0,4177,118,0,0,11001,602600,17903,12,236,500,57,13228400,23708,22624,9728900,8334,1118,235200,45,8379,8379,1380,0,37,57,0,0,0,0,0,0,0,0,0,0,0,0,0,0,0,0,0,0,0,0,0,0,0,0,0,58,5948600,6262,3712,0,0,0,0,0,0,0,0,0,0,0,0,0,0,0,0,0,0,0,0,0,4716,29300,119,23200,118,1213600,42,118500
yune,track-b-product,jyut6ping3_mobile,key_sequence_process_with_context,neigojangingkeisatjinggoiziwunciucoenggeoizisyujapsinhojijung,36,61,61,21285100,183,20505100,20513,4218,246200,3760,5400,20000,568700,1400,58700,3760,0,5,1,2100,5,1,200,61,0,305,915,4,80,55,5645,0,57,4177,1557600,6263,118,1207900,5798,0,0,4177,118,0,0,11001,581800,17903,12,236,700,57,13111700,23708,22624,9622200,8334,1118,224300,45,8379,8379,1380,0,37,57,0,0,0,0,0,0,0,0,0,0,0,0,0,0,0,0,0,0,0,0,0,0,0,0,0,58,5898700,6262,3712,0,0,0,0,0,0,0,0,0,0,0,0,0,0,0,0,0,0,0,0,0,4716,29500,119,22100,118,1207900,42,118100
yune,track-b-product,jyut6ping3_mobile,key_sequence_process_with_context,neigojangingkeisatjinggoiziwunciucoenggeoizisyujapsinhojijung,37,61,61,21180200,183,20409400,20513,4218,237800,3760,5100,19700,562800,1500,54200,3760,0,5,1,2300,5,1,300,61,0,305,915,4,80,55,5645,0,57,4177,1530200,6263,118,1204300,5798,0,0,4177,118,0,0,11001,563900,17903,12,236,800,57,13039600,23708,22624,9546800,8334,1118,220900,45,8379,8379,1380,0,37,57,0,0,0,0,0,0,0,0,0,0,0,0,0,0,0,0,0,0,0,0,0,0,0,0,0,58,5878200,6262,3712,0,0,0,0,0,0,0,0,0,0,0,0,0,0,0,0,0,0,0,0,0,4716,30100,119,22100,118,1204300,42,116300
yune,track-b-product,jyut6ping3_mobile,key_sequence_process_with_context,neigojangingkeisatjinggoiziwunciucoenggeoizisyujapsinhojijung,38,61,61,21402600,183,20637700,20513,4218,236500,3760,4500,19900,559800,1100,53700,3760,0,5,1,2100,5,1,200,61,0,305,915,4,80,55,5645,0,57,4177,1565000,6263,118,1202200,5798,0,0,4177,118,0,0,11001,583400,17903,12,236,400,57,13197300,23708,22624,9703800,8334,1118,228600,45,8379,8379,1380,0,37,57,0,0,0,0,0,0,0,0,0,0,0,0,0,0,0,0,0,0,0,0,0,0,0,0,0,58,5948800,6262,3712,0,0,0,0,0,0,0,0,0,0,0,0,0,0,0,0,0,0,0,0,0,4716,29200,119,23000,118,1202200,42,118000
yune,track-b-product,jyut6ping3_mobile,key_sequence_process_with_context,neigojangingkeisatjinggoiziwunciucoenggeoizisyujapsinhojijung,39,61,61,21330800,183,20560800,20513,4218,236400,3760,5300,19900,565600,1700,54100,3760,0,5,1,2100,5,1,300,61,0,305,915,4,80,55,5645,0,57,4177,1585000,6263,118,1204300,5798,0,0,4177,118,0,0,11001,568700,17903,12,236,700,57,13149700,23708,22624,9671600,8334,1118,227500,45,8379,8379,1380,0,37,57,0,0,0,0,0,0,0,0,0,0,0,0,0,0,0,0,0,0,0,0,0,0,0,0,0,58,5916000,6262,3712,0,0,0,0,0,0,0,0,0,0,0,0,0,0,0,0,0,0,0,0,0,4716,29400,119,22900,118,1204300,42,117700
yune,track-b-product,jyut6ping3_mobile,key_sequence_process_with_context,neigojangingkeisatjinggoiziwunciucoenggeoizisyujapsinhojijung,40,61,61,21371700,183,20605700,20513,4218,241100,3760,4900,19700,561800,1400,54700,3760,0,5,1,2100,5,1,200,61,0,305,915,4,80,55,5645,0,57,4177,1559500,6263,118,1202200,5798,0,0,4177,118,0,0,11001,560100,17903,12,236,700,57,13213500,23708,22624,9713600,8334,1118,230700,45,8379,8379,1380,0,37,57,0,0,0,0,0,0,0,0,0,0,0,0,0,0,0,0,0,0,0,0,0,0,0,0,0,58,5893500,6262,3712,0,0,0,0,0,0,0,0,0,0,0,0,0,0,0,0,0,0,0,0,0,4716,29400,119,23200,118,1202200,42,116800
yune,track-b-product,jyut6ping3_mobile,key_sequence_process_with_context,neigojangingkeisatjinggoiziwunciucoenggeoizisyujapsinhojijung,41,61,61,21377400,183,20613300,20513,4218,236100,3760,5400,20100,561400,1700,54100,3760,0,5,1,2100,5,1,200,61,0,305,915,4,80,55,5645,0,57,4177,1547000,6263,118,1208200,5798,0,0,4177,118,0,0,11001,559000,17903,12,236,800,57,13222200,23708,22624,9667500,8334,1118,227500,45,8379,8379,1380,0,37,57,0,0,0,0,0,0,0,0,0,0,0,0,0,0,0,0,0,0,0,0,0,0,0,0,0,58,5894400,6262,3712,0,0,0,0,0,0,0,0,0,0,0,0,0,0,0,0,0,0,0,0,0,4716,29500,119,23200,118,1208200,42,120500
yune,track-b-product,jyut6ping3_mobile,key_sequence_process_with_context,neigojangingkeisatjinggoiziwunciucoenggeoizisyujapsinhojijung,42,61,61,21401800,183,20613400,20513,4218,234100,3760,5500,19800,575400,1300,54000,3760,0,5,1,2100,5,1,300,61,0,305,915,4,80,55,5645,0,57,4177,1557500,6263,118,1211900,5798,0,0,4177,118,0,0,11001,570500,17903,12,236,700,57,13211100,23708,22624,9708700,8334,1118,229400,45,8379,8379,1380,0,37,57,0,0,0,0,0,0,0,0,0,0,0,0,0,0,0,0,0,0,0,0,0,0,0,0,0,58,5900100,6262,3712,0,0,0,0,0,0,0,0,0,0,0,0,0,0,0,0,0,0,0,0,0,4716,30100,119,23000,118,1211900,42,117000
yune,track-b-product,jyut6ping3_mobile,key_sequence_process_with_context,neigojangingkeisatjinggoiziwunciucoenggeoizisyujapsinhojijung,43,61,61,21338400,183,20566300,20513,4218,239400,3760,4800,19100,569000,1600,53900,3760,0,5,1,2000,5,1,200,61,0,305,915,4,80,55,5645,0,57,4177,1561900,6263,118,1203600,5798,0,0,4177,118,0,0,11001,564900,17903,12,236,500,57,13171300,23708,22624,9684000,8334,1118,227000,45,8379,8379,1380,0,37,57,0,0,0,0,0,0,0,0,0,0,0,0,0,0,0,0,0,0,0,0,0,0,0,0,0,58,5898100,6262,3712,0,0,0,0,0,0,0,0,0,0,0,0,0,0,0,0,0,0,0,0,0,4716,29800,119,28100,118,1203600,42,117100
yune,track-b-product,jyut6ping3_mobile,key_sequence_process_with_context,neigojangingkeisatjinggoiziwunciucoenggeoizisyujapsinhojijung,44,61,61,21334600,183,20570100,20513,4218,246800,3760,4500,20400,560300,1400,53900,3760,0,5,1,2100,5,1,200,61,0,305,915,4,80,55,5645,0,57,4177,1555800,6263,118,1215400,5798,0,0,4177,118,0,0,11001,567000,17903,12,236,600,57,13166800,23708,22624,9635200,8334,1118,227200,45,8379,8379,1380,0,37,57,0,0,0,0,0,0,0,0,0,0,0,0,0,0,0,0,0,0,0,0,0,0,0,0,0,58,5885100,6262,3712,0,0,0,0,0,0,0,0,0,0,0,0,0,0,0,0,0,0,0,0,0,4716,29700,119,23300,118,1215400,42,117600
yune,track-b-product,jyut6ping3_mobile,key_sequence_process_with_context,neigojangingkeisatjinggoiziwunciucoenggeoizisyujapsinhojijung,45,61,61,21370700,183,20607100,20513,4218,245600,3760,5300,20000,561300,1600,53400,3760,0,5,1,2000,5,1,200,61,0,305,915,4,80,55,5645,0,57,4177,1577600,6263,118,1214000,5798,0,0,4177,118,0,0,11001,566400,17903,12,236,500,57,13180400,23708,22624,9673300,8334,1118,227900,45,8379,8379,1380,0,37,57,0,0,0,0,0,0,0,0,0,0,0,0,0,0,0,0,0,0,0,0,0,0,0,0,0,58,5923700,6262,3712,0,0,0,0,0,0,0,0,0,0,0,0,0,0,0,0,0,0,0,0,0,4716,29700,119,23000,118,1214000,42,117200
yune,track-b-product,jyut6ping3_mobile,key_sequence_process_with_context,neigojangingkeisatjinggoiziwunciucoenggeoizisyujapsinhojijung,46,61,61,21472100,183,20700300,20513,4218,255000,3760,5100,19700,568400,1300,54500,3760,0,5,1,2000,5,1,300,61,0,305,915,4,80,55,5645,0,57,4177,1567300,6263,118,1214000,5798,0,0,4177,118,0,0,11001,568000,17903,12,236,500,57,13238500,23708,22624,9713500,8334,1118,229100,45,8379,8379,1380,0,37,57,0,0,0,0,0,0,0,0,0,0,0,0,0,0,0,0,0,0,0,0,0,0,0,0,0,58,5959000,6262,3712,0,0,0,0,0,0,0,0,0,0,0,0,0,0,0,0,0,0,0,0,0,4716,30000,119,22900,118,1214000,42,118400
yune,track-b-product,jyut6ping3_mobile,key_sequence_process_with_context,neigojangingkeisatjinggoiziwunciucoenggeoizisyujapsinhojijung,47,61,61,21393200,183,20597900,20513,4218,244900,3760,5400,20500,589400,900,56100,3760,0,5,1,2000,5,1,200,61,0,305,915,4,80,55,5645,0,57,4177,1557400,6263,118,1210300,5798,0,0,4177,118,0,0,11001,579000,17903,12,236,700,57,13174500,23708,22624,9659900,8334,1118,228100,45,8379,8379,1380,0,37,57,0,0,0,0,0,0,0,0,0,0,0,0,0,0,0,0,0,0,0,0,0,0,0,0,0,58,5923200,6262,3712,0,0,0,0,0,0,0,0,0,0,0,0,0,0,0,0,0,0,0,0,0,4716,30300,119,22500,118,1210300,42,118200
yune,track-b-product,jyut6ping3_mobile,key_sequence_process_with_context,neigojangingkeisatjinggoiziwunciucoenggeoizisyujapsinhojijung,48,61,61,21401600,183,20625400,20513,4218,255400,3760,5300,20600,567700,1500,55600,3760,0,5,1,2000,5,1,200,61,0,305,915,4,80,55,5645,0,57,4177,1586200,6263,118,1217000,5798,0,0,4177,118,0,0,11001,568300,17903,12,236,400,57,13158200,23708,22624,9634700,8334,1118,226600,45,8379,8379,1380,0,37,57,0,0,0,0,0,0,0,0,0,0,0,0,0,0,0,0,0,0,0,0,0,0,0,0,0,58,5955700,6262,3712,0,0,0,0,0,0,0,0,0,0,0,0,0,0,0,0,0,0,0,0,0,4716,30000,119,23100,118,1217000,42,118800
yune,track-b-product,jyut6ping3_mobile,key_sequence_process_with_context,neigojangingkeisatjinggoiziwunciucoenggeoizisyujapsinhojijung,49,61,61,21377900,183,20609900,20513,4218,236400,3760,4700,20000,563900,1100,54000,3760,0,5,1,2200,5,1,200,61,0,305,915,4,80,55,5645,0,57,4177,1549100,6263,118,1216600,5798,0,0,4177,118,0,0,11001,576200,17903,12,236,500,57,13181700,23708,22624,9687400,8334,1118,227700,45,8379,8379,1380,0,37,57,0,0,0,0,0,0,0,0,0,0,0,0,0,0,0,0,0,0,0,0,0,0,0,0,0,58,5916700,6262,3712,0,0,0,0,0,0,0,0,0,0,0,0,0,0,0,0,0,0,0,0,0,4716,29800,119,23000,118,1216600,42,121200
yune,track-b-product,jyut6ping3_mobile,key_sequence_process_with_context,neigojangingkeisatjinggoiziwunciucoenggeoizisyujapsinhojijung,50,61,61,21587200,183,20810100,20513,4218,253300,3760,5800,21500,569600,1400,53100,3760,0,5,1,3600,5,1,400,61,0,305,915,4,80,55,5645,0,57,4177,1556300,6263,118,1210800,5798,0,0,4177,118,0,0,11001,580500,17903,12,236,700,57,13360300,23708,22624,9828700,8334,1118,230600,45,8379,8379,1380,0,37,57,0,0,0,0,0,0,0,0,0,0,0,0,0,0,0,0,0,0,0,0,0,0,0,0,0,58,5944000,6262,3712,0,0,0,0,0,0,0,0,0,0,0,0,0,0,0,0,0,0,0,0,0,4716,29400,119,22200,118,1210800,42,118200
yune,track-b-product,jyut6ping3_mobile,key_sequence_process_with_context,neigojangingkeisatjinggoiziwunciucoenggeoizisyujapsinhojijung,51,61,61,20644100,183,19911500,20513,4218,245300,3760,4900,19900,523900,1100,54000,3760,0,5,1,2200,5,1,300,61,0,305,915,4,80,55,5645,0,57,4177,1499700,6263,118,1200800,5798,0,0,4177,118,0,0,11001,542900,17903,12,236,700,57,12667500,23708,22624,9191000,8334,1118,208400,45,8379,8379,1380,0,37,57,0,0,0,0,0,0,0,0,0,0,0,0,0,0,0,0,0,0,0,0,0,0,0,0,0,58,5727500,6262,3712,0,0,0,0,0,0,0,0,0,0,0,0,0,0,0,0,0,0,0,0,0,4716,33700,119,21300,118,1200800,42,119000
yune,track-b-product,jyut6ping3_mobile,key_sequence_process_with_context,neigojangingkeisatjinggoiziwunciucoenggeoizisyujapsinhojijung,52,61,61,20801700,183,20070000,20513,4218,238800,3760,5700,20600,523100,1600,52600,3760,0,5,1,2200,5,1,200,61,0,305,915,4,80,55,5645,0,57,4177,1516800,6263,118,1216600,5798,0,0,4177,118,0,0,11001,558200,17903,12,236,800,57,12756600,23708,22624,9277400,8334,1118,208500,45,8379,8379,1380,0,37,57,0,0,0,0,0,0,0,0,0,0,0,0,0,0,0,0,0,0,0,0,0,0,0,0,0,58,5799800,6262,3712,0,0,0,0,0,0,0,0,0,0,0,0,0,0,0,0,0,0,0,0,0,4716,31500,119,20600,118,1216600,42,116000
yune,track-b-product,jyut6ping3_mobile,key_sequence_process_with_context,neigojangingkeisatjinggoiziwunciucoenggeoizisyujapsinhojijung,53,61,61,20523600,183,19796900,20513,4218,237700,3760,5400,20700,521300,1200,53800,3760,0,5,1,2100,5,1,200,61,0,305,915,4,80,55,5645,0,57,4177,1493300,6263,118,1206100,5798,0,0,4177,118,0,0,11001,531500,17903,12,236,800,57,12605500,23708,22624,9154200,8334,1118,207500,45,8379,8379,1380,0,37,57,0,0,0,0,0,0,0,0,0,0,0,0,0,0,0,0,0,0,0,0,0,0,0,0,0,58,5692900,6262,3712,0,0,0,0,0,0,0,0,0,0,0,0,0,0,0,0,0,0,0,0,0,4716,32500,119,20500,118,1206100,42,115300
yune,track-b-product,jyut6ping3_mobile,key_sequence_process_with_context,neigojangingkeisatjinggoiziwunciucoenggeoizisyujapsinhojijung,54,61,61,20537400,183,19810700,20513,4218,240900,3760,4500,20700,520700,1200,53600,3760,0,5,1,2100,5,1,200,61,0,305,915,4,80,55,5645,0,57,4177,1503600,6263,118,1220100,5798,0,0,4177,118,0,0,11001,534300,17903,12,236,600,57,12629400,23708,22624,9157800,8334,1118,210000,45,8379,8379,1380,0,37,57,0,0,0,0,0,0,0,0,0,0,0,0,0,0,0,0,0,0,0,0,0,0,0,0,0,58,5675100,6262,3712,0,0,0,0,0,0,0,0,0,0,0,0,0,0,0,0,0,0,0,0,0,4716,28900,119,20500,118,1220100,42,114600
yune,track-b-product,jyut6ping3_mobile,key_sequence_process_with_context,neigojangingkeisatjinggoiziwunciucoenggeoizisyujapsinhojijung,55,61,61,20870400,183,20140400,20513,4218,237400,3760,4700,20200,522400,1400,55400,3760,0,5,1,2200,5,1,200,61,0,305,915,4,80,55,5645,0,57,4177,1529200,6263,118,1208400,5798,0,0,4177,118,0,0,11001,551700,17903,12,236,600,57,12858600,23708,22624,9333500,8334,1118,272100,45,8379,8379,1380,0,37,57,0,0,0,0,0,0,0,0,0,0,0,0,0,0,0,0,0,0,0,0,0,0,0,0,0,58,5787400,6262,3712,0,0,0,0,0,0,0,0,0,0,0,0,0,0,0,0,0,0,0,0,0,4716,28500,119,21300,118,1208400,42,113200
yune,track-b-product,jyut6ping3_mobile,key_sequence_process_with_context,neigojangingkeisatjinggoiziwunciucoenggeoizisyujapsinhojijung,56,61,61,20886500,183,20152800,20513,4218,246800,3760,5400,20700,526900,1000,55000,3760,0,5,1,2100,5,1,200,61,0,305,915,4,80,55,5645,0,57,4177,1525200,6263,118,1201100,5798,0,0,4177,118,0,0,11001,557700,17903,12,236,600,57,12844900,23708,22624,9320300,8334,1118,238100,45,8379,8379,1380,0,37,57,0,0,0,0,0,0,0,0,0,0,0,0,0,0,0,0,0,0,0,0,0,0,0,0,0,58,5820400,6262,3712,0,0,0,0,0,0,0,0,0,0,0,0,0,0,0,0,0,0,0,0,0,4716,30000,119,21800,118,1201100,42,115900
yune,track-b-product,jyut6ping3_mobile,key_sequence_process_with_context,neigojangingkeisatjinggoiziwunciucoenggeoizisyujapsinhojijung,57,61,61,20860400,183,20123300,20513,4218,241000,3760,6000,20700,528100,1200,54000,3760,0,5,1,2100,5,1,200,61,0,305,915,4,80,55,5645,0,57,4177,1515400,6263,118,1201300,5798,0,0,4177,118,0,0,11001,548900,17903,12,236,600,57,12839700,23708,22624,9368500,8334,1118,218000,45,8379,8379,1380,0,37,57,0,0,0,0,0,0,0,0,0,0,0,0,0,0,0,0,0,0,0,0,0,0,0,0,0,58,5788500,6262,3712,0,0,0,0,0,0,0,0,0,0,0,0,0,0,0,0,0,0,0,0,0,4716,28900,119,22100,118,1201300,42,114900
yune,track-b-product,jyut6ping3_mobile,key_sequence_process_with_context,neigojangingkeisatjinggoiziwunciucoenggeoizisyujapsinhojijung,58,61,61,20840100,183,20099400,20513,4218,252600,3760,5500,20300,535200,1500,54100,3760,0,5,1,2100,5,1,200,61,0,305,915,4,80,55,5645,0,57,4177,1514000,6263,118,1195400,5798,0,0,4177,118,0,0,11001,557500,17903,12,236,600,57,12804100,23708,22624,9310600,8334,1118,234600,45,8379,8379,1380,0,37,57,0,0,0,0,0,0,0,0,0,0,0,0,0,0,0,0,0,0,0,0,0,0,0,0,0,58,5807400,6262,3712,0,0,0,0,0,0,0,0,0,0,0,0,0,0,0,0,0,0,0,0,0,4716,28700,119,21900,118,1195400,42,115400
yune,track-b-product,jyut6ping3_mobile,key_sequence_process_with_context,neigojangingkeisatjinggoiziwunciucoenggeoizisyujapsinhojijung,59,61,61,20872400,183,20139400,20513,4218,243300,3760,5000,19700,527000,1400,53700,3760,0,5,1,2100,5,1,300,61,0,305,915,4,80,55,5645,0,57,4177,1524200,6263,118,1196800,5798,0,0,4177,118,0,0,11001,559400,17903,12,236,800,57,12868800,23708,22624,9373900,8334,1118,220700,45,8379,8379,1380,0,37,57,0,0,0,0,0,0,0,0,0,0,0,0,0,0,0,0,0,0,0,0,0,0,0,0,0,58,5784100,6262,3712,0,0,0,0,0,0,0,0,0,0,0,0,0,0,0,0,0,0,0,0,0,4716,31300,119,22000,118,1196800,42,114300
yune,track-b-product,jyut6ping3_mobile,key_sequence_process_with_context,neigojangingkeisatjinggoiziwunciucoenggeoizisyujapsinhojijung,60,61,61,20891300,183,20163500,20513,4218,244700,3760,5100,19900,522600,1500,52900,3760,0,5,1,2200,5,1,200,61,0,305,915,4,80,55,5645,0,57,4177,1508000,6263,118,1215500,5798,0,0,4177,118,0,0,11001,552300,17903,12,236,700,57,12853100,23708,22624,9370200,8334,1118,214700,45,8379,8379,1380,0,37,57,0,0,0,0,0,0,0,0,0,0,0,0,0,0,0,0,0,0,0,0,0,0,0,0,0,58,5807100,6262,3712,0,0,0,0,0,0,0,0,0,0,0,0,0,0,0,0,0,0,0,0,0,4716,30200,119,21700,118,1215500,42,119300
yune,track-b-product,jyut6ping3_mobile,key_sequence_process_with_context,neigojangingkeisatjinggoiziwunciucoenggeoizisyujapsinhojijung,61,61,61,20886100,183,20154000,20513,4218,240000,3760,5100,19800,526800,1400,53500,3760,0,5,1,2200,5,1,200,61,0,305,915,4,80,55,5645,0,57,4177,1515600,6263,118,1206800,5798,0,0,4177,118,0,0,11001,566700,17903,12,236,700,57,12850100,23708,22624,9394900,8334,1118,214800,45,8379,8379,1380,0,37,57,0,0,0,0,0,0,0,0,0,0,0,0,0,0,0,0,0,0,0,0,0,0,0,0,0,58,5808400,6262,3712,0,0,0,0,0,0,0,0,0,0,0,0,0,0,0,0,0,0,0,0,0,4716,29600,119,21300,118,1206800,42,120700
yune,track-b-product,jyut6ping3_mobile,key_sequence_process_with_context,neigojangingkeisatjinggoiziwunciucoenggeoizisyujapsinhojijung,62,61,61,20888800,183,20152300,20513,4218,242900,3760,5100,20200,528900,1400,54000,3760,0,5,1,2200,5,1,200,61,0,305,915,4,80,55,5645,0,57,4177,1532000,6263,118,1216800,5798,0,0,4177,118,0,0,11001,567900,17903,12,236,700,57,12837500,23708,22624,9368700,8334,1118,216000,45,8379,8379,1380,0,37,57,0,0,0,0,0,0,0,0,0,0,0,0,0,0,0,0,0,0,0,0,0,0,0,0,0,58,5805900,6262,3712,0,0,0,0,0,0,0,0,0,0,0,0,0,0,0,0,0,0,0,0,0,4716,29900,119,22000,118,1216800,42,115600
yune,track-b-product,jyut6ping3_mobile,key_sequence_process_with_context,neigojangingkeisatjinggoiziwunciucoenggeoizisyujapsinhojijung,63,61,61,20932500,183,20199600,20513,4218,238600,3760,5300,20000,527000,1200,54300,3760,0,5,1,2300,5,1,200,61,0,305,915,4,80,55,5645,0,57,4177,1515500,6263,118,1201500,5798,0,0,4177,118,0,0,11001,554000,17903,12,236,600,57,12893600,23708,22624,9422300,8334,1118,217200,45,8379,8379,1380,0,37,57,0,0,0,0,0,0,0,0,0,0,0,0,0,0,0,0,0,0,0,0,0,0,0,0,0,58,5815200,6262,3712,0,0,0,0,0,0,0,0,0,0,0,0,0,0,0,0,0,0,0,0,0,4716,30000,119,21500,118,1201500,42,115100
yune,track-b-product,jyut6ping3_mobile,key_sequence_process_with_context,neigojangingkeisatjinggoiziwunciucoenggeoizisyujapsinhojijung,64,61,61,21029000,183,20284200,20513,4218,246700,3760,5000,20300,531900,1800,53400,3760,0,5,1,2100,5,1,300,61,0,305,915,4,80,55,5645,0,57,4177,1529800,6263,118,1213200,5798,0,0,4177,118,0,0,11001,556200,17903,12,236,600,57,12962400,23708,22624,9478900,8334,1118,221900,45,8379,8379,1380,0,37,57,0,0,0,0,0,0,0,0,0,0,0,0,0,0,0,0,0,0,0,0,0,0,0,0,0,58,5821000,6262,3712,0,0,0,0,0,0,0,0,0,0,0,0,0,0,0,0,0,0,0,0,0,4716,29500,119,21800,118,1213200,42,115900
yune,track-b-product,jyut6ping3_mobile,key_sequence_process_with_context,neigojangingkeisatjinggoiziwunciucoenggeoizisyujapsinhojijung,65,61,61,21005200,183,20254400,20513,4218,238400,3760,5000,19600,542100,1200,57100,3760,0,5,1,2100,5,1,200,61,0,305,915,4,80,55,5645,0,57,4177,1531300,6263,118,1226200,5798,0,0,4177,118,0,0,11001,553800,17903,12,236,600,57,12919200,23708,22624,9401300,8334,1118,218500,45,8379,8379,1380,0,37,57,0,0,0,0,0,0,0,0,0,0,0,0,0,0,0,0,0,0,0,0,0,0,0,0,0,58,5823400,6262,3712,0,0,0,0,0,0,0,0,0,0,0,0,0,0,0,0,0,0,0,0,0,4716,29500,119,21400,118,1226200,42,115900
yune,track-b-product,jyut6ping3_mobile,key_sequence_process_with_context,neigojangingkeisatjinggoiziwunciucoenggeoizisyujapsinhojijung,66,61,61,21229100,183,20491000,20513,4218,254500,3760,5300,19600,532400,1100,54000,3760,0,5,1,2100,5,1,200,61,0,305,915,4,80,55,5645,0,57,4177,1543900,6263,118,1210700,5798,0,0,4177,118,0,0,11001,559100,17903,12,236,500,57,13086600,23708,22624,9571500,8334,1118,223100,45,8379,8379,1380,0,37,57,0,0,0,0,0,0,0,0,0,0,0,0,0,0,0,0,0,0,0,0,0,0,0,0,0,58,5906800,6262,3712,0,0,0,0,0,0,0,0,0,0,0,0,0,0,0,0,0,0,0,0,0,4716,29700,119,22200,118,1210700,42,116700
yune,track-b-product,jyut6ping3_mobile,key_sequence_process_with_context,neigojangingkeisatjinggoiziwunciucoenggeoizisyujapsinhojijung,67,61,61,21143000,183,20406800,20513,4218,236800,3760,5600,19700,529900,1400,53700,3760,0,5,1,2100,5,1,200,61,0,305,915,4,80,55,5645,0,57,4177,1541000,6263,118,1201300,5798,0,0,4177,118,0,0,11001,562300,17903,12,236,500,57,13054900,23708,22624,9546800,8334,1118,221700,45,8379,8379,1380,0,37,57,0,0,0,0,0,0,0,0,0,0,0,0,0,0,0,0,0,0,0,0,0,0,0,0,0,58,5860900,6262,3712,0,0,0,0,0,0,0,0,0,0,0,0,0,0,0,0,0,0,0,0,0,4716,29900,119,22300,118,1201300,42,116600
yune,track-b-product,jyut6ping3_mobile,key_sequence_process_with_context,neigojangingkeisatjinggoiziwunciucoenggeoizisyujapsinhojijung,68,61,61,21208700,183,20472600,20513,4218,252700,3760,5600,20200,529800,1600,53800,3760,0,5,1,2100,5,1,200,61,0,305,915,4,80,55,5645,0,57,4177,1564900,6263,118,1211300,5798,0,0,4177,118,0,0,11001,573700,17903,12,236,700,57,13065100,23708,22624,9547300,8334,1118,222300,45,8379,8379,1380,0,37,57,0,0,0,0,0,0,0,0,0,0,0,0,0,0,0,0,0,0,0,0,0,0,0,0,0,58,5907700,6262,3712,0,0,0,0,0,0,0,0,0,0,0,0,0,0,0,0,0,0,0,0,0,4716,29000,119,22000,118,1211300,42,126000
yune,track-b-product,jyut6ping3_mobile,key_sequence_process_with_context,neigojangingkeisatjinggoiziwunciucoenggeoizisyujapsinhojijung,69,61,61,21209600,183,20458600,20513,4218,244400,3760,5300,19800,546100,1100,54000,3760,0,5,1,2100,5,1,200,61,0,305,915,4,80,55,5645,0,57,4177,1581500,6263,118,1202700,5798,0,0,4177,118,0,0,11001,565200,17903,12,236,600,57,13034200,23708,22624,9562800,8334,1118,219900,45,8379,8379,1380,0,37,57,0,0,0,0,0,0,0,0,0,0,0,0,0,0,0,0,0,0,0,0,0,0,0,0,0,58,5914100,6262,3712,0,0,0,0,0,0,0,0,0,0,0,0,0,0,0,0,0,0,0,0,0,4716,29500,119,22400,118,1202700,42,135300
yune,track-b-product,jyut6ping3_mobile,key_sequence_process_with_context,neigojangingkeisatjinggoiziwunciucoenggeoizisyujapsinhojijung,70,61,61,21274100,183,20536900,20513,4218,245200,3760,5100,19700,531200,2000,53800,3760,0,5,1,2000,5,1,200,61,0,305,915,4,80,55,5645,0,57,4177,1544700,6263,118,1206300,5798,0,0,4177,118,0,0,11001,559300,17903,12,236,600,57,13119400,23708,22624,9594400,8334,1118,240000,45,8379,8379,1380,0,37,57,0,0,0,0,0,0,0,0,0,0,0,0,0,0,0,0,0,0,0,0,0,0,0,0,0,58,5915900,6262,3712,0,0,0,0,0,0,0,0,0,0,0,0,0,0,0,0,0,0,0,0,0,4716,29900,119,22200,118,1206300,42,117100
yune,track-b-product,jyut6ping3_mobile,key_sequence_process_with_context,neigojangingkeisatjinggoiziwunciucoenggeoizisyujapsinhojijung,71,61,61,21250400,183,20506600,20513,4218,236000,3760,4900,20500,538200,1400,53900,3760,0,5,1,2100,5,1,300,61,0,305,915,4,80,55,5645,0,57,4177,1584500,6263,118,1219200,5798,0,0,4177,118,0,0,11001,554600,17903,12,236,600,57,13076000,23708,22624,9557100,8334,1118,220800,45,8379,8379,1380,0,37,57,0,0,0,0,0,0,0,0,0,0,0,0,0,0,0,0,0,0,0,0,0,0,0,0,0,58,5923400,6262,3712,0,0,0,0,0,0,0,0,0,0,0,0,0,0,0,0,0,0,0,0,0,4716,29100,119,22400,118,1219200,42,116100
yune,track-b-product,jyut6ping3_mobile,key_sequence_process_with_context,neigojangingkeisatjinggoiziwunciucoenggeoizisyujapsinhojijung,72,61,61,21015600,183,20280600,20513,4218,242100,3760,5200,20000,529000,1700,53900,3760,0,5,1,2000,5,1,300,61,0,305,915,4,80,55,5645,0,57,4177,1527100,6263,118,1210200,5798,0,0,4177,118,0,0,11001,556500,17903,12,236,700,57,12973200,23708,22624,9477500,8334,1118,218500,45,8379,8379,1380,0,37,57,0,0,0,0,0,0,0,0,0,0,0,0,0,0,0,0,0,0,0,0,0,0,0,0,0,58,5809900,6262,3712,0,0,0,0,0,0,0,0,0,0,0,0,0,0,0,0,0,0,0,0,0,4716,29700,119,22000,118,1210200,42,116700
yune,track-b-product,jyut6ping3_mobile,key_sequence_process_with_context,neigojangingkeisatjinggoiziwunciucoenggeoizisyujapsinhojijung,73,61,61,21006000,183,20263800,20513,4218,235300,3760,4900,19700,534800,1100,53600,3760,0,5,1,2100,5,1,200,61,0,305,915,4,80,55,5645,0,57,4177,1531200,6263,118,1206200,5798,0,0,4177,118,0,0,11001,551400,17903,12,236,600,57,12897800,23708,22624,9412200,8334,1118,217800,45,8379,8379,1380,0,37,57,0,0,0,0,0,0,0,0,0,0,0,0,0,0,0,0,0,0,0,0,0,0,0,0,0,58,5863900,6262,3712,0,0,0,0,0,0,0,0,0,0,0,0,0,0,0,0,0,0,0,0,0,4716,29600,119,21200,118,1206200,42,122400
yune,track-b-product,jyut6ping3_mobile,key_sequence_process_with_context,neigojangingkeisatjinggoiziwunciucoenggeoizisyujapsinhojijung,74,61,61,21226800,183,20478500,20513,4218,243300,3760,5300,19700,533000,1700,54200,3760,0,5,1,2100,5,1,200,61,0,305,915,4,80,55,5645,0,57,4177,1560200,6263,118,1224900,5798,0,0,4177,118,0,0,11001,561500,17903,12,236,700,57,13042000,23708,22624,9564100,8334,1118,219100,45,8379,8379,1380,0,37,57,0,0,0,0,0,0,0,0,0,0,0,0,0,0,0,0,0,0,0,0,0,0,0,0,0,58,5910600,6262,3712,0,0,0,0,0,0,0,0,0,0,0,0,0,0,0,0,0,0,0,0,0,4716,29800,119,23000,118,1224900,42,117500
yune,track-b-product,jyut6ping3_mobile,key_sequence_process_with_context,neigojangingkeisatjinggoiziwunciucoenggeoizisyujapsinhojijung,75,61,61,21158300,183,20422600,20513,4218,233600,3760,5100,20200,530800,1400,54200,3760,0,5,1,2200,5,1,200,61,0,305,915,4,80,55,5645,0,57,4177,1534400,6263,118,1201300,5798,0,0,4177,118,0,0,11001,566000,17903,12,236,600,57,13051600,23708,22624,9587200,8334,1118,222000,45,8379,8379,1380,0,37,57,0,0,0,0,0,0,0,0,0,0,0,0,0,0,0,0,0,0,0,0,0,0,0,0,0,58,5879000,6262,3712,0,0,0,0,0,0,0,0,0,0,0,0,0,0,0,0,0,0,0,0,0,4716,29300,119,23000,118,1201300,42,115900
yune,track-b-product,jyut6ping3_mobile,key_sequence_process_with_context,neigojangingkeisatjinggoiziwunciucoenggeoizisyujapsinhojijung,76,61,61,21216800,183,20474200,20513,4218,238300,3760,5100,20000,532000,1400,53800,3760,0,5,1,2000,5,1,200,61,0,305,915,4,80,55,5645,0,57,4177,1565300,6263,118,1205300,5798,0,0,4177,118,0,0,11001,557400,17903,12,236,700,57,13040400,23708,22624,9552900,8334,1118,220800,45,8379,8379,1380,0,37,57,0,0,0,0,0,0,0,0,0,0,0,0,0,0,0,0,0,0,0,0,0,0,0,0,0,58,5939300,6262,3712,0,0,0,0,0,0,0,0,0,0,0,0,0,0,0,0,0,0,0,0,0,4716,29400,119,23500,118,1205300,42,117200
yune,track-b-product,jyut6ping3_mobile,key_sequence_process_with_context,neigojangingkeisatjinggoiziwunciucoenggeoizisyujapsinhojijung,77,61,61,21214200,183,20466900,20513,4218,242400,3760,5100,19600,535100,1400,61500,3760,0,5,1,2000,5,1,200,61,0,305,915,4,80,55,5645,0,57,4177,1550600,6263,118,1222700,5798,0,0,4177,118,0,0,11001,563900,17903,12,236,600,57,13062100,23708,22624,9576000,8334,1118,222800,45,8379,8379,1380,0,37,57,0,0,0,0,0,0,0,0,0,0,0,0,0,0,0,0,0,0,0,0,0,0,0,0,0,58,5886500,6262,3712,0,0,0,0,0,0,0,0,0,0,0,0,0,0,0,0,0,0,0,0,0,4716,30800,119,27400,118,1222700,42,116900
yune,track-b-product,jyut6ping3_mobile,key_sequence_process_with_context,neigojangingkeisatjinggoiziwunciucoenggeoizisyujapsinhojijung,78,61,61,21182400,183,20448500,20513,4218,240700,3760,4800,19500,530100,1600,54000,3760,0,5,1,2100,5,1,300,61,0,305,915,4,80,55,5645,0,57,4177,1550600,6263,118,1223100,5798,0,0,4177,118,0,0,11001,565800,17903,12,236,600,57,13059600,23708,22624,9546700,8334,1118,221200,45,8379,8379,1380,0,37,57,0,0,0,0,0,0,0,0,0,0,0,0,0,0,0,0,0,0,0,0,0,0,0,0,0,58,5875000,6262,3712,0,0,0,0,0,0,0,0,0,0,0,0,0,0,0,0,0,0,0,0,0,4716,29300,119,22300,118,1223100,42,117800
yune,track-b-product,jyut6ping3_mobile,key_sequence_process_with_context,neigojangingkeisatjinggoiziwunciucoenggeoizisyujapsinhojijung,79,61,61,21227000,183,20491500,20513,4218,250300,3760,5800,20600,529800,1400,54300,3760,0,5,1,2100,5,1,200,61,0,305,915,4,80,55,5645,0,57,4177,1543900,6263,118,1226700,5798,0,0,4177,118,0,0,11001,562400,17903,12,236,600,57,13063800,23708,22624,9546800,8334,1118,228600,45,8379,8379,1380,0,37,57,0,0,0,0,0,0,0,0,0,0,0,0,0,0,0,0,0,0,0,0,0,0,0,0,0,58,5911700,6262,3712,0,0,0,0,0,0,0,0,0,0,0,0,0,0,0,0,0,0,0,0,0,4716,29900,119,22200,118,1226700,42,117200
